Category,Product_name,Note,Prix,texte_prepare
Cuisine et Maison,"Philips Rasoir Anti-Bouloche/Anti-Peluche - Elimine les Bouloches sur Vêtements, Bleu (GC026/00)",4.5,29.99,philip rasoir anti bouloch anti peluch elimin bouloch vêt bleu
Cuisine et Maison,"De'Longhi EcoDecalk Détartrant DLSC500, 5 Doses de Décalcification, Accessoire de Maintenance pour Machine à Café, Ingrédients à Base de Plantes, Bouteille Avec 5 Doses, 500ml",4.8,29.99,longh ecodecalk détartr dlsc dos décalcif accessoir mainten machin caf ingrédient bas plant bouteil dos
Cuisine et Maison,"Amazon Basics Drap Housse, 160 x 200 x 30 cm, en Polyester Microfibre pour Matelas Épais jusqu'à 30 cm, Bleu Marine",4.5,29.99,amazon basic drap houss polyest microfibr matel épais jusqu bleu marin
Cuisine et Maison,Sanytol - Lingettes Multi-Usages Désinfectantes Eucalyptus x 72 lingettes,4.7,29.99,sanytol linget mult usag désinfect eucalyptus linget
Cuisine et Maison,"De'Longhi Cartouche Filtrante DLSC002, Filtre a Eau Machine a Café, Blanc",4.7,29.99,longh cartouch filtr dlsc filtr eau machin caf blanc
Cuisine et Maison,"Utopia Bedding Protège Matelas 160 x 200 x 30 cm Imperméable, Certifié Oeko TEX, Alèse Drap Housse, Matelas Couvre, Respirant, Élastique Tout Autour Blanc",4.6,29.99,utopi bedding proteg matel impermé certifi oeko tex ales drap houss matel couvr respir élast tout autour blanc
Cuisine et Maison,Dreamzie - Protege Matelas 160x200 cm - Imperméable et Résistant - Alese 160x200 cm - Protection Optimale et Respirante,4.5,29.99,dreamz proteg matel impermé résist ales protect optimal respir
Cuisine et Maison,"Rowenta Lot de 4 sacs Hygiène+, Compatibles avec les aspirateurs traineau Compact Power, Power XXL, Silence Force, X-Trem Power ZR200520 Blanc",4.7,29.99,rowent lot sac hygien compatibl aspir traineau compact pow pow xxl silenc forc trem pow blanc
Cuisine et Maison,"Utopia Bedding Drap Housse - Gris, 180 x 200 cm - Certifié Oeko-Tex - Bonnets 35 cm pour Matelas Épais - Polyester Microfibre brossée",4.6,29.99,utopi bedding drap houss gris certifi oeko tex bonnet matel épais polyest microfibr bross
Cuisine et Maison,"De Buyer - Fouet professionnel fils en inox GOMA - Longueur 26 cm -, Argent",4.8,29.99,bui fouet professionnel fil inox gom longueur argent
Cuisine et Maison,"Puressentiel – Assainissant - Spray Aérien aux 41 Huiles Essentielles - 100% pures et naturelles - Efficacité prouvée contre les virus, germes et bactéries – Traite la pollution de l’air – 200 ml",4.7,29.99,puressentiel assain spray aérien huil essentiel pur naturel efficac prouv contr virus germ bacter trait pollut air
Cuisine et Maison,"Amazon Basics housses de rangement sous vide avec pompe manuelle, Fermeture éclair, 5 pièces, Taille L, Clair",4.3,29.99,amazon basic houss rang sous vid pomp manuel fermetur éclair piec taill clair
Cuisine et Maison,Utopia Bedding Housse de Couette 220x240 cm avec 2 Taies d'oreiller 65x65 cm (Gris) - Parure de lit 220 x 240 cm - Ensembles de Housses de Couette en Microfibre brossée Douce,4.5,29.99,utopi bedding houss couet tai oreil gris parur lit ensembl houss couet microfibr bross douc
Cuisine et Maison,Taie Oreiller 50x70 Coton Renforcé (Set de 2) - Blanc - Tissage serré de 57 Fils/cm² - Taie Oreiller 50 x 70 cm- Certifié Oeko Tex,4.3,29.99,tai oreil coton renforc set blanc tissag serr fil cm² tai oreil certifi oeko tex
Cuisine et Maison,"LEGO Botanicals Le Joli Bouquet de Fleurs Roses - Set de Construction Adulte - Plantes Artificielles - Décoration Intérieure - Marguerites, Roses & Eucalyptus - Surprise pour la Saint Valentin 10342",4.8,29.99,lego botanical jol bouquet fleur ros set construct adult plant artificiel décor intérieur marguerit ros eucalyptus surpris saint valentin
Cuisine et Maison,"Bougies Romantiques et Pétales. 50 Bougies en Forme de Coeur + 1000 Pétales de Rose Rouges en Soie, 5 Ballons Coeur Rouges - Décoration pour Mariage, Saint Valentin et Fiançailles",4.4,29.99,boug romant pétal boug form coeur pétal ros roug soi ballon coeur roug décor mariag saint valentin fiançaill
Cuisine et Maison,"25 Ballon Coeur Rouge Hélium Décoration Romantique pour La Saint Valentin, Déco Fiançailles et Mariage",4.6,29.99,ballon coeur roug hélium décor romant saint valentin déco fiançaill mariag
Cuisine et Maison,UHU Patafix - Pastilles Adhésives Prédécoupées - Fixation Rapide et Propre - Testées Sous Contrôle Dermatologique - Blanches - 80 Pastilles Adhésives Double Face,4.5,29.99,uhu patafix pastill adhes prédécoup fixat rapid propr test sous contrôl dermatolog blanch pastill adhes doubl fac
Cuisine et Maison,"PORTENTUM Papier cuisson air fryer - 100 pièces Food-Grade BPA gratuit, 20×24 cm, adapté friteuses 5–8 L, solution idéale pour préparation saine",4.6,29.99,portentum papi cuisson air fryer piec food grad bpa gratuit adapt friteux solut idéal prépar sain
Cuisine et Maison,"Utopia Bedding Pillow (Lot de 2), 60 x 60 cm, Oreiller de Sommeil, Coussin Respirant et Doux (Blanc)",4.5,29.99,utopi bedding pillow lot oreil sommeil coussin respir doux blanc
Cuisine et Maison,"Giftgarden Cadre A4 Noir, Cadre Photo A4 Élégant pour Photos, Posters, Document - Affichage Vertical et Horizontal, Léger et Sûr, 21x29.7 cm",4.2,29.99,giftgarden cadr noir cadr photo éleg photos poster docu affichag vertical horizontal leg sûr
Cuisine et Maison,"BISSELL Formule Spot et Stain | Pour vos Étoffes d’Ameublement, Tapis et Moquette | 1 Litre Formule Nettoyante | À Utiliser Avec Spotclean/Spotclean Pro | Parfum Frais | 1084N",4.7,29.99,bissel formul spot stain étoff ameubl tapis moquet litr formul nettoi utilis spotclean spotclean pro parfum frais
Cuisine et Maison,"BISSELL Formule Wash & Refresh Febreze, A utiliser avec nettoyeurs de tapisserie et moquettes, 1078N",4.7,29.99,bissel formul wash refresh febrez utilis nettoyeur tapisser moquet
Cuisine et Maison,"TODAY Essential - Drap Housse 140X190 cm 2 Personnes 100% Coton Uni, Acier",4.2,29.99,today essential drap houss person coton uni aci
Cuisine et Maison,"Utopia Bedding Coussins de Garnissage 65 x 65 cm (Lot de 2), Coussin à Recouvrir, Oreillers Intérieur, Rembourrage Coussins (Blanc)",4.6,29.99,utopi bedding coussin garnissag lot coussin recouvr oreiller intérieur rembourrag coussin blanc
Cuisine et Maison,"Philips SENSEO Original Plus Machine à café à dosettes, Crema Plus, Sélecteur d'intensité Technologie Booster d'arômes, Produit vert, Noir intense (CSA210/61)",4.4,29.99,philip senseo original plus machin caf doset crem plus sélecteur intens technolog boost arôm produit vert noir intens csa
Cuisine et Maison,Patates Amoureuses© | Cadeau Romantique | Elle & Lui | Idee Couple | Saint-Valentin Anniversaire Mariage Noces | I Love You | Souvenir Relation | Homme Mari Femme Fiance | Fete Cœur | Surprise Amour,4.7,29.99,patat amour cadeau romant ide coupl saint valentin anniversair mariag noc lov you souven relat homm mar femm fianc fet cœur surpris amour
Cuisine et Maison,"GRIFEMA GA2002 Balance de Cuisine Électronique de Haute Précision 5000g/1g avec Écran LCD Rétroéclairé, 6 Unités et Fonction Tare Acier Inoxydable, Smart Digital, pour Alimentaire Multifonctionnel",4.5,29.99,grifem balanc cuisin électron haut précis écran lcd rétroéclair unit fonction tar aci inoxyd smart digital alimentair multifonctionnel
Cuisine et Maison,"FCSDETAIL Paillasson Attrape-Poussière, Tapis de Sol Antidérapant Lavable en Machine, Tapis d'Entrée avec Microfibres Douces Absorbantes pour Chien, Entrée, Porte et Couloir, Gris Clair-noir",4.5,29.99,fcsdetail paillasson attrap poussi tapis sol antidérap lavabl machin tapis entré microfibr douc absorb chien entré port couloir gris clair noir
Cuisine et Maison,"SWEET NIGHT - Protège-Matelas - Alèse 90x190 cm - Imperméable, Respirant & Silencieux - Forme Drap-Housse Bonnet 27 cm - Lavable Machine 90°C - Certifié Oeko-Tex",4.5,29.99,sweet night proteg matel ales impermé respir silenci form drap houss bonnet lavabl machin certifi oeko tex
Cuisine et Maison,Dreamzie Protège Matelas 160x200 cm Imperméable Certifié Oeko TEX - Alese en Coton Respirant avec 4 Coins Elastiques,4.5,29.99,dreamz proteg matel impermé certifi oeko tex ales coton respir coin elast
Cuisine et Maison,Vision Drap Housse - 100% Coton Lit Double (140x190cm) - Blanc | Coins Élastiqués | Tissage Serré: 57 Fils | Convient aux Matelas Jusqu’à 25cm | Confortable | Lavable en Machine | Certifié Oeko-Tex,4.4,29.99,vision drap houss coton lit doubl xcm blanc coin élastiqu tissag serr fil convient matel jusqu confort lavabl machin certifi oeko tex
Cuisine et Maison,"Tefal Success Plaque à pâtisserie 38x28 cm, Revêtement antiadhésif sûr, Aluminium 100% recyclé, Fabriqué en France, Chocolat J5547002",4.6,29.99,tefal success plaqu pâtisser revêt antiadhes sûr aluminium recycl fabriqu franc chocolat
Cuisine et Maison,"Ibergrif Brosse WC Silicone - Brosse Toilette et Supports, Anti-goutte, Antibactérienne, Balai WC Ventilée, Séchage Rapide sans Odeur, Balayette WC Montage Mural/au Sol, Salle de Bain et WC, Blanc",4.3,29.99,ibergr bross silicon bross toilet support anti goutt antibactérien bal ventil séchag rapid san odeur balayet montag mural sol sall bain blanc
Cuisine et Maison,"Ballons Anniversaire Vert Or,50 Pcs Ballons Rétro Verts Et Or Blanc Confettis Ballon Mariage,Ballon Vert Sauge Pour Décoration Anniversaire,Mariage, Baby Shower Decoration Bapteme Garcon, 12 Pouces",4.5,29.99,ballon anniversair vert pc ballon rétro vert blanc confet ballon mariag ballon vert saug décor anniversair mariag baby show decor baptem garcon pouc
Cuisine et Maison,"Utopia Bedding Housse De Matelas 140 x 190 x 20 cm Imperméable Avec Fermeture éclair, Certifié Oeko-TEX, Protégé Matelas, Blanc",4.5,29.99,utopi bedding houss matel impermé fermetur éclair certifi oeko tex proteg matel blanc
Cuisine et Maison,"Meister 4241110 Lot de 2 rubans adhésifs transparents 45 m x 48 mm pour paquets, cartons de déménagement et emballage ✓ Fermeture fiable, bonne adhérence | Ruban d'emballage | Ruban adhésif | 4241110",4.4,29.99,meist lot ruban adhes transparent paquet carton déménag emballag fermetur fiabl bon adhérent ruban emballag ruban adhes
Cuisine et Maison,"SONGMICS Étendoir à Linge, Séchoir Mobile à 4 Niveaux, avec roulettes, Pliable, 63,5 x 128 x 173 cm, Grande Capacité, Montage Facile, Utilisation Intérieure et Extérieure, Gris LLR701G01",4.1,29.99,songmic étendoir ling séchoir mobil niveau roulet pliabl grand capac montag facil utilis intérieur extérieur gris llrg
Cuisine et Maison,LEGO Botanicals Le Bambou de la Chance - Plante Artificielle pour décoration intérieure - Set de Construction pour Adulte avec Pot et Socle Effet Bois - Idée Cadeau pour Femme et Homme 10344,4.8,29.99,lego botanical bambou chanc plant artificiel décor intérieur set construct adult pot socl effet bois idé cadeau femm homm
Cuisine et Maison,Sac Sous Vide Vetement Aspirateur 5 Pièces 3XL 100X80cm 2L 80x60cm Housse de Rangement Réutilisable Couette Stockez Vêtements la Literie et les Bagages,4.2,29.99,sac sous vid vet aspir piec xcm xcm houss rang réutilis couet stock vêt liter bagag
Cuisine et Maison,"Febreze Désodorisant Électrique, Méga Pack de Recharges (4 Recharges de 20ml avec 3 Parfums en Alternance), Parfum Pureté de Coton, Combat les Odeurs en Continu, Fraîcheur Jusqu'à 90 Jours",4.7,29.99,febrez désodoris électr meg pack recharg recharg parfum altern parfum puret coton combat odeur continu fraîcheur jusqu jour
Cuisine et Maison,Gründl Laine Cotton Quick uni - laine fine pour crocheter - fil à tricoter – fil à crocheter – brillant et doux pour la peau – 100% coton – 1 pelote 50 g / 125 m – taille d’aiguille 3-4 - noir,4.5,29.99,gründl lain cotton quick uni lain fin crochet fil tricot fil crochet brill doux peau coton pelot taill aiguill noir
Cuisine et Maison,Dreamzie - Housse de Couette 240x220 cm avec 2 Taie Oreillers 65x65 cm - Noir/Gris Foncé - Parure de Lit 240x220 en 100% Microfibre - 3 Pièces - Certifié sans Produits Chimiques (Oeko TEX),4.6,29.99,dreamz houss couet tai oreiller noir gris fonc parur lit microfibr piec certifi san produit chimiqu oeko tex
Cuisine et Maison,"edihome, Boîte Alimentaire Hermétique en Verre, 8, 14 ou 18 pièces, pour aliments hermétiques, Résistant au lave-vaisselle, Rangement Cuisine, sans BPA, certifié FDA (9 récipients)",4.6,29.99,edihom boît alimentair hermet verr piec aliment hermet résist lav vaissel rang cuisin san bpa certifi fda récipient
Cuisine et Maison,"Lalfof® Kit Moulage Main Couple avec Nom. Cadeau Saint Valentin Femme,Cadeau Anniversaire Femme et Cadeau Couple. Platre pour Moulage 3D,Idée Saint Valentin Homme.Activite Manuelle Adulte,St Valentin",4.4,29.99,lalfof kit moulag main coupl nom cadeau saint valentin femm cadeau anniversair femm cadeau coupl platr moulag idé saint valentin homm activit manuel adult valentin
Cuisine et Maison,"Mr. Propre GommeMagique Original, Lot de 2, Élimine les Taches Impossibles sur Toutes Surfaces Lavables, Nettoie avec de l'Eau Uniquement, Efface Crayon, Graisse et Marques Tenaces",4.4,29.99,propr gommemag original lot élimin tach impossibl tout surfac lavabl nettoi eau uniqu effac crayon graiss marqu tenac
Cuisine et Maison,"Vileda H2prO Système de Balai Plat, Séparation révolutionnaire de l'eau Propre et Sale, Conception économe en Eau, Rangement Compact, Poignée Ergonomique, Puissance de la Microfibre",4.4,29.99,viled hpro system bal plat sépar révolutionnair eau propr sal concept économ eau rang compact poign ergonom puissanc microfibr
Cuisine et Maison,"Onyx - Eau Déminéralisée - Fer à Repasser, Lisseur à Vapeur, Décolleuse à Papier Peint, Auto - 100% d’Ingrédients d’Origine Naturelle - Fabrication Française - 5L - Sans Parfum",4.7,29.99,onyx eau déminéralis fer repass lisseur vapeur décoll papi peint auto ingrédient origin naturel fabriqu français san parfum
Cuisine et Maison,"rabbitgoo Film Fenetre Anti Regard, Film Occultant Fenêtre, Film Electrostatique Vitre 44.5x200cm Bon Intimité, Film Opaque pour Vitre Anti UV Dépoli pour Salle de Bain Cuisine Bureau Maison Chambre",4.1,29.99,rabbitgoo film fenetr anti regard film occult fenêtr film electrostat vitr xcm bon intim film opaqu vitr anti dépol sall bain cuisin bureau maison chambr
Cuisine et Maison,"BRITA Cartouche Filtre à eau MAXTRA PRO Pure Performance (All-in-1) Pack de 12 - réduction** des micro-impuretés telles que certains PFAS***, métaux, chlore et tartre",4.7,29.99,brit cartouch filtr eau maxtr pro pur perform all pack réduct micro impuret tel certain pfas métal chlor tartr
Cuisine et Maison,"Rubson AERO 360° Recharges en tabs neutres pour absorbeur d'humidité, recharges pour déshumidificateurs AERO 360° ultra absorbantes et anti odeurs, 2 x 450 g",4.6,29.99,rubson aero recharg tab neutr absorbeur humid recharg déshumidif aero ultra absorb anti odeur
Cuisine et Maison,"Philips Daily Collection Grille-pain – 2 tranches, 8 réglages Access. réchauffe-viennoiseries intégré, Design compact, Arrêt automatique, Fente Large, Noir (HD2581/90)",4.5,29.99,philip daily collect grill pain tranch réglag access réchauff viennoiser integr design compact arrêt automat fent larg noir
Cuisine et Maison,"DONAMA Oreiller Ergonomique Cervical pour Les Dormeurs sur Le Côté, Le Dos Et Le Ventre, Oreiller Memoire Forme pour Le Cou et Les Épaules, avec Taie d'oreiller, 63x38x9/14cm, Gris Clair",4.3,29.99,donam oreil ergonom cervical dormeur côt dos ventr oreil memoir form cou épaul tai oreil gris clair
Cuisine et Maison,"Rubson AERO 360° TAB, recharges en tabs neutres pour absorbeur d'humidité, ultra absorbantes et anti odeurs recharges pour déshumidificateurs AERO 360°, 6 x 450 g",4.2,29.99,rubson aero tab recharg tab neutr absorbeur humid ultra absorb anti odeur recharg déshumidif aero
Cuisine et Maison,"BISSELL SpotClean ProHeat, Shampouineuse Canapé, Moteur Puissant de 330W, Design Compact, avec Technologie HeatWave, Nettoyeur pour Tapis, Moquettes, Meubles, Tissus, Voiture & Plus Encore, 36988",4.4,29.99,bissel spotclean proheat shampouin canap moteur puiss design compact technolog heatwav nettoyeur tapis moquet meubl tissus voitur plus encor
Cuisine et Maison,"Jovi - Air Dry, Pâte à Modeler autodurcissante à Base d'argile Humide, Séchage à l'air sans Four, Couleur Blanc, 500 Grammes, Idéale pour Les Enfants de 3 Ans et Plus (85)",4.5,29.99,jov air dry pât model autodurc bas argil humid séchag air san four couleur blanc gramm idéal enfant an plus
Cuisine et Maison,"edihome, Papier Cuisson Air Fryer, pour Friteuse sans Huile, 100 Unitès, 20-24 cm, BPA Free, Jetable, pour Four, 5 à 8 litres (Carré, 20-24 cm)",4.7,29.99,edihom papi cuisson air fryer friteux san huil unites bpa fre jetabl four litr carr
Cuisine et Maison,Air Wick Désodorisant Maison Spray Automatique Sans Gaz Active Fresh - 3 Recharges Parfum Vanille & Beurre de Karité,4.7,29.99,air wick désodoris maison spray automat san gaz activ fresh recharg parfum vanill beurr karit
Cuisine et Maison,"Utopia Bedding Protège Oreiller 60x60 cm (Lot de 4) Imperméable avec Fermeture Éclair, Housse Oreiller, Certifié Oeko-TEX Taie Oreiller",4.4,29.99,utopi bedding proteg oreil lot impermé fermetur éclair houss oreil certifi oeko tex tai oreil
Mode,"Baranne - Impermeabilisant Taches et Pluie Tout Cuirs Véritables - Imperméabilisant Chaussure - Tissu, Textile, Daim - Préserve la Souplesse des Matières - Spray - 200ml",4.6,29.99,barann impermeabilis tach plui tout cuir vérit imperméabilis chaussur tissu textil daim préserv soupless mati spray
Mode,FM London Lot de 3/5 t-Shirts pour Hommes - T-Shirts de qualité supérieure avec Design légèrement ajusté,4.5,29.99,london lot shirt homm shirt qualit supérieur design léger ajust
Mode,"EASTPAK Padded PAK'R Sac à Dos, 24 L - Black (Noir)",4.7,29.99,eastpak padded pak sac dos black noir
Mode,DIM Homme – Chaussettes Ecodim x5 | Talons & Pointes Renforcés | Coton Doux Maille Fine | Confort Quotidien,4.4,29.99,dim homm chausset ecodim talon point renforc coton doux maill fin confort quotidien
Mode,"Blendura Pèse Bagages Numérique Portable, Balance Pèse Valise de Voyage Avec Fonction Tare, Capacité Max 50 kg/110lb pour Voyage",4.6,29.99,blendur pes bagag numer portabl balanc pes valis voyag fonction tar capac max voyag
Mode,ANTONIO ROSSI (lot de 12) boxers ajustés pour hommes - Boxers pour hommes avec ceinture élastique,4.6,29.99,antonio ross lot boxer ajust homm boxer homm ceintur élast
Mode,KLOSTAIN Sac à Dos Voyage Cabine Avion 45x36x20 pour Easyjet 30L Bagage Cabine Grande Bagage à Main sous Le Siège Sac à Dos Homme pour Ordinateur Portable 14 Noir,4.6,29.99,klostain sac dos voyag cabin avion easyjet bagag cabin grand bagag main sous sieg sac dos homm ordin portabl noir
Mode,"VSUDO Lacets Chaussures Plats pour Baskets, Lacets Plats pour Sneakers - Économiques, 8mm de Large, 29 Couleurs 14 Longueurs au Choix",4.6,29.99,vsudo lacet chaussur plat basket lacet plat sneaker économ larg couleur longueur choix
Mode,"Fullluwaa - Lot de 10 Boxers Homme Coton, Confortable et Doux - Ajustés, Ceinture Élastique Ultra - Souple",4.6,29.99,fullluwa lot boxer homm coton confort doux ajust ceintur élast ultra soupl
Mode,FILA Chaussettes Am/Tnx6 Chaussettes de sport Homme (lot de 6),4.2,29.99,fil chausset tnx chausset sport homm lot
Mode,"SOXCO chaussettes de travail homme 10 Paires, WORK socks lot de 10 paires",4.6,29.99,soxco chausset travail homm pair work sock lot pair
Mode,"Baranne - Spray Imperméabilisant Extrême | Bombe hydrofuge | Chaussures, Tissu, Textile, Daim | Protection Multi-Surfaces I Tâches, Traces I Protège de la Pluie | 300ml",4.5,29.99,barann spray imperméabilis extrêm bomb hydrofug chaussur tissu textil daim protect mult surfac tâch trac proteg plui
Mode,"Amazon Basics Octogonale Parapluie pliant à ouverture automatique Noir, 28 x 98 cm",4.5,29.99,amazon basic octogonal paraplui pli ouvertur automat noir
Mode,"SINOPHANT Legging Femmes Pantalon de Sport, Jegging Taille Haute Femme Yoga Opaque Doux Grande Taille",4.5,29.99,sinoph legging femm pantalon sport jegging taill haut femm yog opaqu doux grand taill
Mode,"adidas Men's Chaussure VS Pace 2.0,",4.6,29.99,adid men chaussur pac
Mode,Cosie Lily Bracelet pour femme en argent sterling 925 avec cœur - Cadeau pour elle - Saint-Valentin - Anniversaire,4.3,29.99,cos lily bracelet femm argent sterling cœur cadeau saint valentin anniversair
Mode,FOTOOL Culotte Menstruelle Absorbante = 4 tampons Lavable Coton Menstruation Protection Périodique Hygiénique Flux léger à abondant Culotte de Règles lavables,4.2,29.99,fotool culott menstruel absorb tampon lavabl coton menstruat protect périod hygien flux leg abond culott regl lavabl
Mode,GemChve Chaussures de Sécurité Hommes Femmes Basket Légère Respirante Travail Antidérapante avec Embout en Acier 36-46 EU,3.9,29.99,gemchv chaussur sécur homm femm basket léger respir travail antidérap embout aci
Mode,"Scholl Semelles GelActiv Professionnel - Chaussures de travail Hommes - Pour un confort durable avec une absorption des chocs et un amorti renforcé grâce à la technologie GelWave - Taille 40 à 46,5",4.5,29.99,scholl semel gelactiv professionnel chaussur travail homm confort durabl absorpt choc amort renforc grâc technolog gelwav taill
Mode,Levi's 501 Original Fit - Jeans - Straight Fit - Homme,4.3,29.99,lev original fit jean straight fit homm
Mode,"TENBST Portefeuille Homme en Cuir, Porte-Cartes avec Blocage RFID, 8 Porte Carte Crédit, Porte Carte Bancaire avec Compartiment à Billets et Poche à Monnaie - Boîte Cadeau",4.4,29.99,tenbst portefeuill homm cuir port cart blocag rfid port cart cred port cart bancair compart billet poch monnai boît cadeau
Mode,Pantalon Pyjama Femme Homme Enfant - Flanelle Bas de Pyjama Polaire Chaud Doux et Confort Anime Cartoon Y2K Kawaii Décontracté la Maison Loungewear Pants Vêtements de Nuit Pantalons de Pyjamas,3.9,29.99,pantalon pyjam femm homm enfant flanel bas pyjam polair chaud doux confort anim cartoon kawai décontract maison loungewear pant vêt nuit pantalon pyjam
Mode,WENIG Bagage Cabine 40x30x20 pour Ryanair Sac à Dos Voyage Cabine Avion pour Wizzair Eurowings 24L Bagage à Main avec USB Charging Port Sac à Dos Ordinateur Portable 14 Pouces Homme Femme Noir,4.6,29.99,wenig bagag cabin ryanair sac dos voyag cabin avion wizzair eurowing bagag main usb charging port sac dos ordin portabl pouc homm femm noir
Mode,Aigle Lolly Pop 2 Botte de pluieMixte enfant,4.7,29.99,aigl lolly pop bott pluiemixt enfant
Mode,"YELUWA Cadeau Saint Valentin, Cadeau Couple, 2 Pcs Bracelet Couple, idee Cadeaux Mariage pour Hommes Femmes de l'Amoureux et de l'Amoureuse Petite Amie Petite Mari Femme Anniversaire",4.2,29.99,yeluw cadeau saint valentin cadeau coupl pc bracelet coupl ide cadeau mariag homm femm amour amour petit ami petit mar femm anniversair
Mode,"riemot Semelles Chaussures Confort, Semelles pour Femme et Homme, Semelle Mousse à Mémoire de Forme, Absorption des Chocs, Léger et Respirable, Anti-Odeur EU 36-46",4.4,29.99,riemot semel chaussur confort semel femm homm semel mouss mémoir form absorpt choc leg respir anti odeur
Mode,HEOAARG Chaussures de Sécurité Hommes Femme Embout Acier Chaussures de Travail Légère Respirant Antidérapante Basket Securite,4.6,29.99,heoaarg chaussur sécur homm femm embout aci chaussur travail léger respir antidérap basket securit
Mode,Skechers Uno Stand on Air BasketFemme,4.6,29.99,skecher uno stand air basketfemm
Mode,Amazon Essentials Homme Sweat-Shirt à col Rond en Polaire (Grandes Tailles Disponibles),4.2,29.99,amazon essential homm sweat shirt col rond polair grand taill disponibl
Mode,VeraCosy Hommes Chaussons à mémoire de forme bicolore,4.5,29.99,veracosy homm chausson mémoir form bicolor
Mode,"FM London Lot de 7 Boxers, Boxer pour Homme, Caleçon pour Homme sans Étiquette, Riche en Coton, Respirant, Doux et Extensible",4.6,29.99,london lot boxer box homm caleçon homm san étiquet rich coton respir doux extensibl
Mode,Crocs Mixte Enfant Classic Clog Sabot,4.7,29.99,croc mixt enfant classic clog sabot
Mode,Amazon Essentials Homme Pantalon de Survêtement en Polaire à Bas Ouvert (Existe en Grandes Tailles),3.9,29.99,amazon essential homm pantalon survêt polair bas ouvert exist grand taill
Mode,"VARTA Piles Bouton CR1632, lot de 2, Lithium Coin, 3V, emballage sécurisé pour les enfants, pour petits appareils électroniques - montres, clés de voiture, télécommandes",4.7,29.99,vart pil bouton lot lithium coin emballag sécuris enfant petit appareil électron montr clé voitur télécommand
Mode,"DANISH ENDURANCE Boxers de Course pour Hommes, Caleçons Anti-frottements, Jambes Longues ou Normales, Boxers de Sport Respirants Lot de 6",4.2,29.99,danish endur boxer cours homm caleçon anti frott jamb longu normal boxer sport respir lot
Mode,Feethit Baskets et Chaussures de Sport Homme Tennis Respirant Légères et Confortables de la Mode de Marche Fitness Running Tennis Outdoor Gym Jogging Sneakers Hommes,4.3,29.99,feeth basket chaussur sport homm ten respir léger confort mod march fitness running ten outdoor gym jogging sneaker homm
Mode,Dim Collant Femme Diam's Ventre Plat Confort Absolu x1,4.3,29.99,dim coll femm diam ventr plat confort absolu
Mode,"lacets Sans Laçage, lacets élastiques, taille unique pour adultes",4.4,29.99,lacet san laçag lacet élast taill uniqu adult
Mode,"Diyife Cadenas pour Bagages TSA, [Version Plus récent] [Lot de 2] Cadenas de Voyage à 3 Chiffres, Cadenas à Combinaison, Cadenas à Code pour Valise de Voyage, etc. (Noir)",4.5,29.99,diyif caden bagag tsa version plus récent lot caden voyag chiffr caden combinaison caden cod valis voyag etc noir
Mode,biped 4 paires de semelles en charbon actif - Semelles pour hommes et femmes contre la transpiration et les odeurs - Semelles latex souples pour des pieds frais z2727,4.3,29.99,biped pair semel charbon actif semel homm femm contr transpir odeur semel latex soupl pied frais
Mode,"AQASKIN- 100 | 200 | 1000 | 2000pcs Couvre-chaussures jetables résistants 3,2g - RÉDUCTIONS DE QUANTITÉ - Chaussons jetables en CPE - DPI - Nettoyage domestique - Jardinage",4.6,29.99,aqaskin pc couvr chaussur jetabl résist réduct quantit chausson jetabl cpe dpi nettoyag domest jardinag
Mode,"Akusoli Semelles Chaussures Confort | Semelles Chaussures Homme, Femmes. Semelle Japonaise Magnétique de Soutien Voûte, Semelles Pieds Plats EU36-41.5",4.0,29.99,akusol semel chaussur confort semel chaussur homm femm semel japonais magnet soutien voût semel pied plat
Mode,GUDECIUS Chaussures de Sécurité Hommes Légère Chaussures de Travail Respirantes Basket Securite Embout en Acier Mode Confortable Antidérapante Chaussure de Securite 38-46 EU,4.0,29.99,gudecius chaussur sécur homm léger chaussur travail respir basket securit embout aci mod confort antidérap chaussur securit
Mode,PUMA Crew Chaussettes Mixte (lot de 5),4.6,29.99,pum crew chausset mixt lot
Mode,VANKEV Sac à Dos Voyage Cabine Avion 45x36x20 Pour Easyjet 30L Bagage à Main Femme Homme Sous Siege Cabine Sac à Dos Pour Ordinateur Portable 15.6 Pouces Beige,4.6,29.99,vankev sac dos voyag cabin avion easyjet bagag main femm homm sous sieg cabin sac dos ordin portabl pouc beig
Mode,Vans Ward Platform BasketFemme,4.7,29.99,van ward platform basketfemm
Mode,"Blendura Pèse Bagage Electronique, Balance Portable Pese Valise de Voyage, Fonction Tare MAX 50 kg/ 110lb pour Voyage Blanc(Batterie installée dans le compartiment à batterie)",4.5,29.99,blendur pes bagag electron balanc portabl pes valis voyag fonction tar max voyag blanc batter install compart batter
Mode,"VSUDO Lacets Ronds pour Chaussures de Travail et Bottes - Diamètre 4mm Lacets Ronds Résistants pour Randonnée, Trekking et Sécurité - Homme Femme",4.5,29.99,vsudo lacet rond chaussur travail bott diametr lacet rond résist randon trekking sécur homm femm
Mode,Baranne - Gomme Nettoyante Chaussures | Daim & Nubuck | Efface Tâches & Traces | Entretien Cuirs & Accessoires,4.3,29.99,barann gomm nettoi chaussur daim nubuck effac tâch trac entretien cuir accessoir
Mode,Boxers FM London Lot de 4/8 pour Hommes avec Ceinture élastique - Boxers Doux pour Hommes,4.4,29.99,boxer london lot homm ceintur élast boxer doux homm
Mode,WUAYAMI Chaussures de Sécurité Hommes Femmes Baskets de Secruite Légère Chaussure de Travail Confortable Respirantes Chaussure de Chantier Antidérapantes,4.3,29.99,wuayam chaussur sécur homm femm basket secruit léger chaussur travail confort respir chaussur chanti antidérap
Mode,Amazon Essentials Homme Jean Slim - Couleurs abandonnées,4.2,29.99,amazon essential homm jean slim couleur abandon
Mode,"Joma Men's Sports T-Shirt, 6XS - 3XL - Short Sleeve, Lightweight and Breathable, Ideal for Running and Gym - Combi",4.5,29.99,jom men sport shirt short sleev lightweight and breathabl ideal for running and gym comb
Mode,"Leggings 3D Anti Cellulite, Legging Anti-Cellulite à Compression - Minceur Taille Haute sans Couture Yoga Fitness Pantalon Sport",3.7,29.99,legging anti cellulit legging anti cellulit compress minceur taill haut san coutur yog fitness pantalon sport
Mode,"SULPO SPORT Semelles Orthopédiques Chaussures Sportives, Travail et Loisirs - Confort, Amortissantes, Absorption des Chocs et Respirantes - 43-44 / XL - Noir",4.4,29.99,sulpo sport semel orthoped chaussur sportiv travail loisir confort amort absorpt choc respir noir
Mode,Hayayu Sac a Dos Voyage Cabine Avion Sac pour Ryanair 40x30x20 Sacs Avion Femme Homme Bagage Cabine 40x30x20 Sac à Dos Valise avec Pochette Antivol pour Ordinateur Portable 14 Pouces,4.7,29.99,hayayu sac dos voyag cabin avion sac ryanair sac avion femm homm bagag cabin sac dos valis pochet antivol ordin portabl pouc
Mode,"Cabin Max Valise à Main 55x35x25 cm, légère, Coque Rigide, Bagage à Main, avec 4 Roues, Serrure à 3 Chiffres (Bodo Grun, Air France, KLM), Bodo Grun, 55 x 35 x 25cm …",4.6,29.99,cabin max valis main léger coqu rigid bagag main rou serrur chiffr bodo grun air franc klm bodo grun
Mode,"Amazon Essentials Femme T-Shirt à Manches Longues, Col Rond, Coupe Classique (Disponible en Grande Taille)",4.3,29.99,amazon essential femm shirt manch longu col rond coup classiqu disponibl grand taill
Mode,"SINOPHANT 2 Pièces Leggings Sport pour Femmes Taille Haute, Legging Opaque pour Gym Sport Yoga",4.5,29.99,sinoph piec legging sport femm taill haut legging opaqu gym sport yog
Hygiène et Santé,"Magnésium Bisglycinate + Vitamine B6 - Sommeil, Stress, Fatigue - Absorption Maximale & Assimilation Facilitée - 90 Gélules Vegan - Nutrimea - Fabriqué en France",4.5,29.99,magnésium bisglycinat vitamin sommeil stress fatigu absorpt maximal assimil facilit gélul vegan nutrim fabriqu franc
Hygiène et Santé,"Collagène Marin + Acide Hyaluronique, Peau Hydratée et Articulations Fortes, Cure de 2 mois, 120 Gélules, Collagene Hydrolysé Type 1 Naticol®, Avec Vitamine C, Fabriqué en France, by Novoma",4.4,29.99,collagen marin acid hyaluron peau hydrat articul fort cur mois gélul collagen hydrolys typ naticol vitamin fabriqu franc novom
Hygiène et Santé,"Philips OneBlade 360 Authentique Tondeuse et rasoir à barbe électrique, 2x 360 lames, 3x peignes à barbe (1,3,5mm), QP2724/31",4.6,29.99,philip oneblad authent tondeux rasoir barb électr lam peign barb
Hygiène et Santé,"Bulk Pure Whey Protéine en Poudre, Vanille, 23g Protéines 5g BCAA portion, Shake de Whey, Faible en sucre, Favorise la croissance la récupération musculaires, Mélange facile, 1kg",4.2,29.99,bulk pur whey protéin poudr vanill protéin bca portion shak whey faibl sucr favoris croissanc récuper musculair mélang facil
Hygiène et Santé,"Philips OneBlade Original 360 lames, pour tous les modèles OneBlade et OneBlade Pro, 3 pièces (modèle QP430/60)",4.7,29.99,philip oneblad original lam tous model oneblad oneblad pro piec model
Hygiène et Santé,"Bulk Créatine Monohydrate Poudre 500 g | 147 portions | Créatine micronisée pure | Non aromatisé | Vegan et Halal | Idéal pour le fitness, l'entraînement et la salle de sport | Facile à dissoudre",4.5,29.99,bulk créatin monohydrat poudr portion créatin micronis pur non aromatis vegan halal idéal fitness entraîn sall sport facil dissoudr
Hygiène et Santé,Philips OneBlade Anti-Friction Lame pour Rasoir 1unité,4.7,29.99,philip oneblad anti friction lam rasoir unit
Hygiène et Santé,OMRON X2 Essential – Appareil tension artérielle bras automatique - Tensiomètre brassard validé cliniquement – Tensiomètre bras avec détection de pulsation cardiaque irrégulière,4.6,29.99,omron essential appareil tension artériel bras automat tensiometr brassard valid cliniqu tensiometr bras détect pulsat cardiaqu irréguli
Hygiène et Santé,"HYDRATIS - Pastilles Effervescentes Fruits des Bois - Optimise l'Hydratation - Riche en Minéraux - Faible en Sucre - Goûts Légers - Sport, Crampes, Récupération - 20 Pastilles",4.2,29.99,hydrat pastill effervescent fruit bois optimis hydrat rich minéral faibl sucr goût léger sport cramp récuper pastill
Hygiène et Santé,"by Amazon Graines de Chia, 350g",4.6,29.99,amazon grain chi
Hygiène et Santé,"Forté Pharma - Mélatonine 1900 Flash | Mélatonine 1,9 mg dosage max, Action rapide | Complément Alimentaire Sommeil Adulte - Pour dormir, décalage horaire, jetlag | 30 comprimés orodispersibles",4.2,29.99,fort pharm mélatonin flash mélatonin dosag max action rapid compl alimentair sommeil adult dorm décalag horair jetlag comprim orodispersibl
Hygiène et Santé,"Healthkeep Balance Pese Personne Numérique, Haute Précision avec Affichage Lumineux, Technologie Step-On 5mm Verre Trempé, Haute Précision à 180kg/ 400lb",4.5,29.99,healthkeep balanc pes person numer haut précis affichag lumin technolog step verr tremp haut précis
Hygiène et Santé,"NOVOMA Magnésium Bisglycinate + Taurine & Vitamine B6, Haute Teneur 300mg /j, 120 gélules, Combat la Fatigue et le Stress, Mieux Absorbé que le Magnesium Marin, Fabriqué en France",4.5,29.99,novom magnésium bisglycinat taurin vitamin haut teneur gélul combat fatigu stress mieux absorb magnesium marin fabriqu franc
Hygiène et Santé,Alpine SleepDeep Bouchons d’Oreilles pour Dormir - Nouvelle Forme Ovale - Gel Anti Bruit Intégré - Confort et Atténuation au Max - Bouchons Anti Bruit avec Filtres Souples (Taille S),4.0,29.99,alpin sleepdeep bouchon oreil dorm nouvel form oval gel anti bruit integr confort atténu max bouchon anti bruit filtr soupl taill
Hygiène et Santé,"GRANIONS - Gummies Sommeil Melatonine 1,9 mg - MELATONINE GUMMIES FORMAT 2 MOIS - Complément Alimentaire Sommeil Adulte - Melatonine 1,9 mg - Vegan - Sans Sucres - 60 Gummies",4.3,29.99,granion gumm sommeil melatonin melatonin gumm format mois compl alimentair sommeil adult melatonin vegan san sucr gumm
Hygiène et Santé,PHYTOSUN AROMS - Huile Essentielle Eucalyptus Globulus Bio - HEBBD - 100% Pure & Naturelle - 100% Bio - Contribue au Confort Respiratoire - Analysée & Conditionnée en France - 10 ml,4.6,29.99,phytosun arom huil essentiel eucalyptus globulus bio hebbd pur naturel bio contribu confort respiratoir analys condition franc
Hygiène et Santé,"PHYSIODOSE Sérum Physiologique – 1 Boîte de 40 Unidoses 5 ml – Hygiène Nez et Yeux, Complément Idéal au Mouche Bébé, Seringue Nasale et Pipette Nez",4.8,29.99,physiodos sérum physiolog boît unidos hygien nez yeux compl idéal mouch beb seringu nasal pipet nez
Hygiène et Santé,"Oméga 3 Huile de Poisson Gélules 2000mg, 240 Gélules pour 4 Mois - avec EPA 660mg & DHA 440mg, Fish Oil Omega 3 sans Odeur, Selon l'EFSA, l'EPA et le DHA Contribuent au Fonctionnement Normal du Cœur",4.5,29.99,omeg huil poisson gélul gélul mois epa dha fish oil omeg san odeur selon efsa epa dha contribuent fonction normal cœur
Hygiène et Santé,MAGNESIUM BISGLYCINATE 360 MG - GRANIONS - Magnesium Fort Dosage + Vitamine B6 - Anti Stress Adulte - Bisglycinate 360 MG - Stress Fatigue - 60 Comprimés - Fabriqué en France,4.4,29.99,magnesium bisglycinat granion magnesium fort dosag vitamin anti stress adult bisglycinat stress fatigu comprim fabriqu franc
Hygiène et Santé,"Tiger Balm - BAUME DU TIGRE Rouge à effet chauffant - Contient du camphre et du menthol - Pour sportifs, avant l'effort ou les tensions du quotidien, Réduit les tensions par le massage - 30 g",4.7,29.99,tig balm baum tigr roug effet chauff contient camphr menthol sportif avant effort tension quotidien réduit tension massag
Hygiène et Santé,"Azinc Vitalité - Réduit la fatigue due au surmenage, soutient les performances intellectuelles, dès 15 ans - 120 gélules",4.6,29.99,azinc vital réduit fatigu du surmenag soutient perform intellectuel des an gélul
Hygiène et Santé,My Variations ® - Pack 3 Têtes de Brosse à Dents Sonique My Variations - Blanc,4.7,29.99,variat pack têt bross dent soniqu variat blanc
Hygiène et Santé,"Oral-B Pro Lot De 10 Brossettes De Rechange Sensitive Clean, AUTHENTIQUES, Blanches, Brins Ultra Doux Pour Les Gencives Plus Saines, Embouts Pour Brosses A Dents Electriques Oral B Pro",4.6,29.99,oral pro lot brosset rechang sensit clean authent blanch brin ultra doux genciv plus sain embout bross dent electr oral pro
Hygiène et Santé,Braun ThermoScan 7 Thermomètre auriculaire | Technologie Age Precision | Affichage numérique avec code couleur | Convient aux bébés et aux nourrissons | Marque #1 auprès des médecins(1),4.6,29.99,braun thermoscan thermometr auriculair technolog age precis affichag numer cod couleur convient beb nourr marqu aupres médecin
Hygiène et Santé,"RENPHO Balance Pese Personne, Pese Personnes en Verre Trempé, Bluetooth, Max. 180 kg, Balance Connectée avec 13 Données Corporelles (IMC/graisse corporelle/masse osseuse/BMR/muscle/eau), Elis 1",4.5,29.99,renpho balanc pes person pes person verr tremp bluetooth max balanc connect don corporel imc graiss corporel mass osseux bmr muscl eau elis
Hygiène et Santé,My Variations ® - Brosse à Dents Électrique - Technologie Sonique - 1 Mois d'Autonomie - 5 Modes de Brossage - Minuteur de 2 Min Intégré - Recommandé par les Dentistes - Chargement USB-C - Noire,4.6,29.99,variat bross dent électr technolog soniqu mois autonom mod brossag minuteur min integr recommand dentist charg usb noir
Hygiène et Santé,"ELMEX - Pâte Dentifrice Elmex Sensitive Haleine Fraîche 0 % Colorants - Dents Sensibles, Gencives Douloureuses, Protection de l'Email - 2 x 75 ml",4.7,29.99,elmex pât dentifric elmex sensit halein fraîch color dent sensibl genciv doulour protect email
Hygiène et Santé,"Oral-B Vitality Pro Brosse A Dents Electrique Noire, Pour Adultes, Modes De Nettoyage Avec Sensibilité Plus, 1 Brossette De Rechange, 1 Chargeur",4.5,29.99,oral vitality pro bross dent electr noir adult mod nettoyag sensibil plus brosset rechang chargeur
Hygiène et Santé,"Optimum Nutrition Créatine Micronisée en Poudre, Sans Arôme, 634g, 186 Doses",4.5,29.99,optimum nutrit créatin micronis poudr san arôm dos
Hygiène et Santé,"Thermomètre Frontal Bebe et Adultes, Thermometre Medical Numérique sans Contact pour la Fièvre, Thermomètre Infrarouge précis Instantané à l'opération Simple Noir",4.3,29.99,thermometr frontal beb adult thermometr medical numer san contact fievr thermometr infraroug prec instantan oper simpl noir
Hygiène et Santé,Veet Men - Kit d’Épilation Parties Intimes - Crème Dépilatoire 100ml et Baume de Soin 50ml - Zones Sensibles,4.2,29.99,veet men kit épil part intim crem dépilatoir baum soin zon sensibl
Hygiène et Santé,"NUTRI & CO Collagene Marin Poudre Types 1, 2, 3 + Vitamine C, Breveté Naticol® & Cartydiss®, Peau Hydratée Soutien Articulaire, Peptides Hydrolysés 2000 DA, 180g Goût Pêche 30jrs, Fabriqué en France",4.4,29.99,nutr collagen marin poudr typ vitamin brevet naticol cartydiss peau hydrat soutien articulair peptid hydrolys goût pêch jr fabriqu franc
Hygiène et Santé,"Babylino Safe Nights Boy, Culotte de Nuit Absorbante pour Garçon 8-16 ans (30-50kg), 14 Culottes",4.4,29.99,babylino saf night boy culott nuit absorb garçon an culott
Hygiène et Santé,"Masque de Nuit Innovant 2026 pour Hommes et Femmes, Conception Masque de Sommeil qui Bloque la Lumière pour Dormir, les Siestes, la Méditation, les Voyages (Noir)",4.6,29.99,masqu nuit innov homm femm concept masqu sommeil bloqu lumi dorm siest médit voyag noir
Hygiène et Santé,COLGATE - Brosse à dents Triple Action Souple - Nettoyage Interdentaire - Blancheur Naturelle - Haleine Fraîche - Lot de 3 Brosses,4.7,29.99,colgat bross dent tripl action soupl nettoyag interdentair blancheur naturel halein fraîch lot bross
Hygiène et Santé,"Haslom® 50 Bandelettes Nasales Premium, Améliore la Respiration et l’Oxygénation, Anti-Ronflement pour le Sommeil, Adhérence Maximale pour Sport et Sommeil",3.9,29.99,haslom bandelet nasal premium amélior respir oxygen anti ronfl sommeil adhérent maximal sport sommeil
Hygiène et Santé,Psyllium Bio Blond 250 gr - (Téguments) - 99% de pureté - Riche en Fibre,4.6,29.99,psyllium bio blond tégu puret rich fibr
Hygiène et Santé,"Always Maxi Serviettes Hygiéniques, ProFresh Night, 12 Serviettes Sans Ailettes, Flux Très Abondants Nuit, Cœur Ultra Absorbant et Neutralisation des Odeurs",4.6,29.99,alway max serviet hygien profresh night serviet san ailet flux tres abond nuit cœur ultra absorb neutralis odeur
Hygiène et Santé,Omega 3 Huile de Poissons 2000mg - 240 Gélules (120 Jours) - Haute Concentration en EPA (660mg) & DHA (440mg) Soutien Fonction Cardiaque et une Vision Normale - Fabriqué par Nutravita,4.6,29.99,omeg huil poisson gélul jour haut concentr epa dha soutien fonction cardiaqu vision normal fabriqu nutravit
Hygiène et Santé,Créatine 100% Pure | Créatine monohydrate Creapure • Prise Masse Musculaire& Force • Musculation Homme • Complément Idéal à la Whey Protéine | Nutrimuscle | 120 Gélules,4.6,29.99,créatin pur créatin monohydrat creapur pris mass musculair forc muscul homm compl idéal whey protéin nutrimuscl gélul
Hygiène et Santé,"Tiger Balm - BAUME DU TIGRE Blanc - Baume à effet froid - Parfum mentholé - Pour sportifs, après l'effort ou en massage de la poitrine ou des tempes, en massage, pour se relaxer - 19 g",4.7,29.99,tig balm baum tigr blanc baum effet froid parfum menthol sportif apres effort massag poitrin temp massag relax
Hygiène et Santé,"JUVAMINE 12 Vitamines & 9 Minéraux, Fatigue, Stress, Vitamines C, B2, B3, B6, B9 et Fer, Programme de 30 jours, 30 Comprimés Effervescents, Arôme tropical, Fabriqué en France",4.4,29.99,juvamin vitamin minéral fatigu stress vitamin fer programm jour comprim effervescent arôm tropical fabriqu franc
Hygiène et Santé,"Qitizu Brossette Compatible avec Braun Oral-b, Têtes de Rechange pour Brosse à Dents Electrique Oral-b, Inclure Precision, Floss, Cross, Sensitive (16 blanc)",4.5,29.99,qitizu brosset compatibl braun oral têt rechang bross dent electr oral inclur precis floss cross sensit blanc
Hygiène et Santé,"Philips OneBlade Original lames, pour tous les modèles OneBlade et Pro, 5 pièces (modèle QP250/50)",4.7,29.99,philip oneblad original lam tous model oneblad pro piec model
Hygiène et Santé,MOROSIL® – 400 mg – Extrait d’Orange Moro Breveté – 1 Mois de Cure – 30 Gélules Vegan – Nutrimea - Fabriqué en France,3.6,29.99,morosil extrait orang moro brevet mois cur gélul vegan nutrim fabriqu franc
Hygiène et Santé,PARODONTAX - Bain de Bouche Quotidien - Protection Active Gencives - Combat les Bactéries de la Plaque Dentaire - Forme Une Barrière Protectrice - 0% Alcool - Menthe Extra-Fraîche - 500 ml,4.5,29.99,parodontax bain bouch quotidien protect activ genciv combat bacter plaqu dentair form barri protectric alcool menth extra fraîch
Hygiène et Santé,Fixodent Crème Adhésive Pour Prothèses Complete Fraîcheur 70ml,4.5,29.99,fixodent crem adhes prothes complet fraîcheur
Hygiène et Santé,AUDISPRAY ULTRA - Traitement Bouchon de cérumen - Dissolution rapide des bouchons de cérumen - Oreille - Spray sans rinçage - 20ml,4.3,29.99,audispray ultra trait bouchon cérumen dissolu rapid bouchon cérumen oreil spray san rinçag
Hygiène et Santé,"Bande Blanchiment Dentaire 28 Bandes - Blanchiment Dentaire sans Peroxyde - sans Sensibilité à la Douleur - Whitening Strips Efficace, Élimine Taches Café/Thé/Vin, Résultats Visibles Rapidement",4.4,29.99,band blanch dentair band blanch dentair san peroxyd san sensibil douleur whitening strip efficac élimin tach caf thé vin résultat visibl rapid
Hygiène et Santé,"Baranne Odor Stop | Déo Fraîcheur | Spray Anti-Odeur | Neutralise les mauvaises odeurs | Chaussures de ville, Baskets | Aérosol 100 ml",4.6,29.99,barann odor stop déo fraîcheur spray anti odeur neutralis mauvais odeur chaussur vill basket aérosol
Hygiène et Santé,"Oral-B Lot De 6 Brossettes De Rechange Ultimate Clean, AUTHENTIQUES, Noires, Brossage En Profondeur, Elimination De La Plaque Dentaire, Brossette Ronde Pour Les Brosses Electriques Oral B iO",4.7,29.99,oral lot brosset rechang ultimat clean authent noir brossag profondeur elimin plaqu dentair brosset rond bross electr oral
Hygiène et Santé,PRANARÔM - Menthe Poivrée - Huile Essentielle Chémotypée - Digestion & Tonus - 100% Pure Et Naturelle - HECT - 10 ml,4.7,29.99,pranarôm menth poivr huil essentiel chémotyp digest tonus pur naturel hect
Hygiène et Santé,"VIMMK Jet Dentaire Hydropulseur et Irrigateurs Oral avec 5 Modes de Pression d'eau et 8 Embouts Remplaçables, Rechargeable et Étanche IPX7, Réservoir 300ML (Blanc)",4.3,29.99,vimmk jet dentair hydropulseur irrig oral mod pression eau embout remplac recharge étanch ipx réservoir blanc
Hygiène et Santé,"Bactigyn - Ovules vaginaux postbiotiques 5 actions - Traitement et prévention des infections vaginales (vaginites, vaginoses bactériennes, infections fongiques) et de leurs récidives - 7 ovules",4.3,29.99,bactigyn ovul vaginal postbiot action trait prévent infect vaginal vaginit vaginos bactérien infect fongiqu leur récid ovul
Hygiène et Santé,"Forté Pharma - Magnésium Ultra Fort 360mg - Complément Alimentaire - Magnesium complex (bisglycinate, citrate) - Taurine, Vitamines B6 B12, Glutamine - Fatigue, Système nerveux - 30 comprimés, 1/jour",4.4,29.99,fort pharm magnésium ultra fort compl alimentair magnesium complex bisglycinat citrat taurin vitamin glutamin fatigu system nerveux comprim jour
Hygiène et Santé,Confiance Elastic - Changes Complets pour Hommes et Femmes - Niveau d'Absorption = 10 gouttes (Fuites Urinaires Importantes) - pH Neutre à la Peau - Matière Douce - Taille M - 14 Unités,4.1,29.99,confianc elastic chang complet homm femm niveau absorpt goutt fuit urinair import neutr peau mati douc taill unit
Hygiène et Santé,"T2 Bouteille Périnéale - Bidet Portable Post-partum, Soulage Douleurs Périnée - Bouteille Compressible 360ml, Embout Coudé 60°, Sac Rangement Lavable - Trousse Maternité, Cadeaux pour Maman",4.7,29.99,bouteil périnéal bidet portabl post partum soulag douleur périn bouteil compressibl embout coud sac rang lavabl trouss matern cadeau maman
Hygiène et Santé,"Oral-B Pro Lot De 10 Brossettes De Rechange Cross Action, AUTHENTIQUES, Blanches, Nettoyage En Profondeur, Têtes Rondes, Embouts Pour Les Brosses A Dents Electriques Oral B Pro, Carton",4.6,29.99,oral pro lot brosset rechang cross action authent blanch nettoyag profondeur têt rond embout bross dent electr oral pro carton
Hygiène et Santé,NUTRI & CO Magnésium Bisglycinate Malate & Liposome + Vitamine B6 - Haute Teneur 300mg/j Haute Absorption Supérieure au Magnésium Marin - Fatigue & Stress - 120 gélules Fabriqué en France,4.5,29.99,nutr magnésium bisglycinat malat liposom vitamin haut teneur haut absorpt supérieur magnésium marin fatigu stress gélul fabriqu franc
Hygiène et Santé,Apyforme - Probiotique Flore Intestinale - 60 Milliards UFC/Jour - 10 Souches Exclusives dont Lactobacillus - 60 Gélules Gastro-résistantes - Fabriqué en France,4.3,29.99,apyform probiot flor intestinal milliard ufc jour souch exclus dont lactobacillus gélul gastro résist fabriqu franc
Bricolage,"100x ARNOMED® Gants en nitrile taille M Noir, Gants à usage unique pour chirurgie & laboratoire, Gants en nitrile sans poudre et sans latex, Moufles en nitrile en XS, S, M, L, XL, XXL",4.5,29.99,arnomed gant nitril taill noir gant usag uniqu chirurg laboratoir gant nitril san poudr san latex moufl nitril xxl
Bricolage,Imou 2K(3MP) Caméra Surveillance WiFi Intérieure Caméra 360° Connectée Smartphone avec Détection Humaine AI Suivi Intelligent Sirène Audio Bidirectionnel Compatible Alexa pour Bébé/Animaux,4.4,29.99,imou camer surveil wif intérieur camer connect smartphon détect humain suiv intelligent siren audio bidirectionnel compatibl alex beb animal
Bricolage,"Colle forte gel 50 g – ne coule pas & ultra précise – super glue résistante à l’eau, à la chaleur & aux vibrations – colle universelle plastique, bois, métal, verre – bouchon aiguille – KRAFTPROTZ",4.6,29.99,coll fort gel coul ultra précis sup glu résist eau chaleur vibrat coll universel plastiqu bois métal verr bouchon aiguill kraftprotz
Bricolage,"Tapo C210 Caméra WiFi Intérieure 2K 3MP, Rotation 360°, Détection de Personne&Pleurs de Bébé, Vision Nocturne, Audio Bidirectionnel, Stockage Cloud&microSD 512 Go, Alexa et Google Assistant",4.6,29.99,tapo camer wif intérieur rotat détect person pleur beb vision nocturn audio bidirectionnel stockag cloud microsd alex googl assist
Bricolage,"Art3d Double Face Extra Fort (3 mètres), Ruban adhésif double face robuste, sans traces, amovible, réutilisable, lavable – Ruban adhésif multifonction comme vu à la télé",4.1,29.99,artd doubl fac extra fort metr ruban adhes doubl fac robust san trac amovibl réutilis lavabl ruban adhes multifonct comm tel
Bricolage,Smartwares Lot de 2 détecteurs de fumée – Capteur Optique - Durée de Vie : 10 Ans - Bouton de Test – 85 DB - 10.048.28,4.4,29.99,smartwar lot détecteur fum capteur optiqu dur vi an bouton test
Bricolage,"Command Languettes Accroches Tableaux, Très Grandes - 10 Paires (20 Languettes) Blanc - Supporte jusqu'à 9 kg - Sans Outils - Fixation sans Dommages",4.2,29.99,command languet accroch tableau tres grand pair languet blanc support jusqu san outil fixat san dommag
Bricolage,"Plaque gravée pour nom et numéro boîte aux lettres autocollante 10x2,5cm personnalisée 1 à 3 lignes Alu Brossé",4.8,29.99,plaqu grav nom numéro boît lettr autocoll personnalis lign alu bross
Bricolage,"Unigloves Unicare Gants d'examen en nitrile - Polyvalents, sans poudre, gants jetables de qualité médicale - Boîte de 100 gants, bleu, taille M (GS0033)",4.6,29.99,uniglov unicar gant examen nitril polyvalent san poudr gant jetabl qualit médical boît gant bleu taill
Bricolage,"TESSAN Adaptateur Prise Universelle avec 3 USB et 1 Type C, Adaptateur Universel de Voyage France vers Anglaise UK Irlande USA Canada Australie Chine Japon Thaïlande",4.7,29.99,tessan adapt pris universel usb typ adapt universel voyag franc ver anglais irland usa canad austral chin japon thaïland
Bricolage,"Plaque Boîte aux Lettres Personnalisable De 1 À 3 Lignes – Nom Gravé – Adhésive PVC – 10 x 2,5 cm – 20 Couleurs Au Choix",4.7,29.99,plaqu boît lettr personnalis lign nom grav adhes pvc couleur choix
Bricolage,"UHU Rollafix - Ruban Adhésif Marron - Emballage, Packaging - Adhérence Elevée - Sans Solvants - Se Déchire à la Main - Lot de 3 Rubans de 50 m x 50 mm",4.5,29.99,uhu rollafix ruban adhes marron emballag packaging adhérent elev san solv déchir main lot ruban
Bricolage,"ERKO 100 pièces d'attaches de câble professionnelles 200 x 3,6 mm Poignée d'attache de câble couleur noire, résistante à la température",4.6,29.99,erko piec attach câbl professionnel poign attach câbl couleur noir résist températur
Bricolage,"YEAUPE PRO Pommeau de Duche avec tuyau 1,6M, Pommeau de Douche Anti calcaire Grand (⌀130mm), Economie Deau, 6 types de jets, Haute Pression, Chrome",4.6,29.99,yeaup pro pommeau duch tuyau pommeau douch anti calcair grand econom deau typ jet haut pression chrom
Bricolage,Bloc 6 Prises 16A 2P+T avec Interrupteur - Blanc - Zenitech,4.6,29.99,bloc pris interrupteur blanc zenitech
Bricolage,"JOREST 40Pcs Kit Tournevis de Précision, Set Outils avec Torx T1 T2 T3 T4 T5, T6 T7 T8 T9 T10 T15 T20, Etoile P2/P5/P6, Triwing Y000, etc, pour iphone, Switch, PS4, Mac, Laptop, Lunettes, Montre",4.6,29.99,jorest pc kit tournev précis set outil torx etoil triwing etc iphon switch mac laptop lunet montr
Bricolage,edding 5200 vernis clair permanent en spray - transparent et mat - 200 ml - vernis acrylique fini mat - pour fixer et protéger la peinture - vernis en aérosol,4.3,29.99,edding vern clair permanent spray transparent mat vern acryl fin mat fix proteg peintur vern aérosol
Bricolage,Multiprise biplite pour façade 16A - Blanc - Zenitech,4.7,29.99,multipris biplit façad blanc zenitech
Bricolage,"2 Pièces Adaptateur Prise Anglaise, Adaptateur de Voyage France vers UK, Adaptateur de Prise pour Irlande, Angleterre, Ecosse, Dubaï, Malte, Adaptateur Type G (Blanc)",4.7,29.99,piec adapt pris anglais adapt voyag franc ver adapt pris irland angleterr ecoss dubaï malt adapt typ blanc
Bricolage,"Ansell Microflex 93-732, Gants jetables Multi-usages en Nitrile, manipulation de précision et travaux mécaniques, Sans Latex, Sans Poudre, Noir, Taille M, Boîte de 100",4.5,29.99,ansel microflex gant jetabl mult usag nitril manipul précis traval mécan san latex san poudr noir taill boît
Bricolage,"GRIFEMA GA1001-1, Cadenas Code 4 Chiffres - Cadenas de Sécurité Résistant Aux Intempéries, Cadenas à Combinaison pour Casier, Valise, Garage, Portail, École, Alliage de Zinc, Noir",4.4,29.99,grifem caden cod chiffr caden sécur résist intemper caden combinaison casi valis garag portail écol alliag zinc noir
Bricolage,"50x PROGRIP Gants nitrile taille L Noir [Avec double épaisseur et texture diamantée], Gants nitrile à usage unique pour atelier, industrie et montage, Gants nitrile à usage unique",4.6,29.99,progrip gant nitril taill noir doubl épaisseur textur diamant gant nitril usag uniqu ateli industr montag gant nitril usag uniqu
Bricolage,"pickpiff Crochet Adhesif Mural, Porte Serviette Salle de Bain, Accroche Torchon Cuisine, Porte Manteau Adhésif, Attache Murale Sans Percer, Etanche, Antirouille, Noir, 4 Pièces",4.4,29.99,pickpiff crochet adhes mural port serviet sall bain accroch torchon cuisin port manteau adhes attach mural san perc etanch antirouill noir piec
Bricolage,LEGRAND - Fiche Multiprise Triplite - 3 Prises Frontales avec Terre - Positionnement Horizontal - Sécurité Enfant Intégrée - Blanc et Gris Clair,4.7,29.99,legrand fich multipris triplit pris frontal terr position horizontal sécur enfant integr blanc gris clair
Bricolage,"Command Languettes Accroches Tableaux, Grandes - 14 Paires (28 Languettes) Blanc - Supporte jusqu'à 7 kg - Sans Outils - Fixation sans Dommages",4.4,29.99,command languet accroch tableau grand pair languet blanc support jusqu san outil fixat san dommag
Bricolage,"by Amazon - Gants en vinyle jetables, Taille M, lot de 100, Transparent",4.4,29.99,amazon gant vinyl jetabl taill lot transparent
Bricolage,Loctite - Super Glue-3 Précision (flacon de 5 g) – Colle forte pour réparations précises – liquide tous matériaux – transparente à séchage rapide,4.6,29.99,loctit sup glu précis flacon coll fort répar précis liquid tous matérial transparent séchag rapid
Bricolage,Sader Rebouche Tout – Enduit de Rebouchage Intérieur Prêt à l’Emploi – Tous Supports – Rebouchage et Égalisation de Trous et Fissures Jusqu’à 1 cm – Joint Plaque de Plâtre – 1 Tube 330 g,4.4,29.99,sad rebouch tout enduit rebouchag intérieur prêt emploi tous support rebouchag égalis trous fissur jusqu joint plaqu plâtr tub
Bricolage,"FireAngel FA6812 Détecteur de Monoxyde de Carbone Numérique à Écran LCD avec Durée de Vie de 10 Ans, Portable, pour Maison, Voyages, Caravanes",4.7,29.99,fireangel détecteur monoxyd carbon numer écran lcd dur vi an portabl maison voyag caravan
Bricolage,"Scotch-Fix Ruban Adhésif Double Face de fixation Extrême pour Extérieur, 19 mm x 1,5 m - Pour un Usage Extérieur extrême, avec la Technologie avancée 3M, Noir",4.2,29.99,scotch fix ruban adhes doubl fac fixat extrêm extérieur usag extérieur extrêm technolog avanc noir
Bricolage,"Bosch Professional Ensemble de 25 forets hélicoÏdaux HSS PointTeQ (pour métal, ProBox, accessoires pour perceuses-visseuses)",4.5,29.99,bosch professional ensembl foret hélicoïdal hss pointteq métal probox accessoir perceux visseux
Bricolage,"Electraline 32050 Bloc Multiprises 3 prises, interrupteur et fiche Plate - 1,5m, noir",4.7,29.99,electralin bloc multipris pris interrupteur fich plat noir
Bricolage,Patins en Feutre Auto-Adhésifs 48 PCS 25 mm X-Protector - Patins pour Meubles Noir - Patin Meuble Premium - Patin Feutre Autocollant - Patins Glisseurs pour Meubles - Protégez Vos Sols!,4.5,29.99,patin feutr auto adhes pc protector patin meubl noir patin meubl premium patin feutr autocoll patin glisseur meubl proteg sol
Bricolage,"Sader Colle Contact Néoprène Gel – Colle Extra Forte Tous Matériaux – Prise Immédiate – Idéale pour Supports Poreux ou Verticaux – Transparente – Tube 125 ml, Ambré",4.4,29.99,sad coll contact néopren gel coll extra fort tous matérial pris immédiat idéal support poreux vertical transparent tub ambré
Bricolage,"Idena 90129 - Ruban adhésif brun, 50 mm x 66 m, 6 rouleaux de ruban adhésif silencieux, idéal pour les déménagements et les expéditions",4.4,29.99,iden ruban adhes brun rouleau ruban adhes silenci idéal déménag expédit
Bricolage,"Electraline 70053 Adaptateur de voyage France/Europe vers UK 2 Broches Europe vers 3 Broches Uk, White",4.7,29.99,electralin adapt voyag franc europ ver broch europ ver broch whit
Bricolage,Stanley 1-30-657 - mètre Tylon Bi matière 8m x 25mm - Ruban Anti-Corrosion - Boitier Bi-matière - Blocage du Ruban - Crochet 3 Rivets - Position du Zéro Réel - Classe Ii - Crochet pour Ceinture,4.6,29.99,stanley metr tylon mati ruban anti corros boiti mati blocag ruban crochet rivet posit zéro réel class crochet ceintur
Bricolage,"K-MART Gants jetables, gants en nitrile noir - Paquet de 100 gants, Gants jetables sans poudre et sans latex, Gants jetables pour la cuisine, le nettoyage et les médicaments",4.5,29.99,mart gant jetabl gant nitril noir paquet gant gant jetabl san poudr san latex gant jetabl cuisin nettoyag médic
Bricolage,"Blendura Pommeau de Duche Haute Pression, Pommeau de Duche Economie Deau avec Tuyau Douche 1.5M, Anti Calcaire Douchette avec Filtre avec 5 Modes de Jet",4.3,29.99,blendur pommeau duch haut pression pommeau duch econom deau tuyau douch anti calcair douchet filtr mod jet
Bricolage,Pattex – Ni Clou Ni Vis Extra Fort (tube de 260 g) – Colle de fixation à maintien immédiat – Rapide pour usage intérieur,4.3,29.99,pattex clou vis extra fort tub coll fixat maintien immédiat rapid usag intérieur
Bricolage,"X-Sense Détecteur de Fumée avec 10 Ans de Durée de Vie de la Pile, Détecteur d'Incendie Répond à la Norme EN14604, SD11, Lot de 1",4.5,29.99,sens détecteur fum an dur vi pil détecteur incend répond norm lot
Bricolage,SINTO - Rebouche gros trous et fissures - Rebouche bois - Excellente adhérence - Sans Odeur - Facile et Prêt-à-l'emploi - Intérieur & Extérieur - Ne fendille pas - Teinte bois clair - 500g,4.4,29.99,sinto rebouch gros trous fissur rebouch bois excellent adhérent san odeur facil prêt emploi intérieur extérieur fendill teint bois clair
Bricolage,SINTOBOIS - Rebouche Petits Trous - Pâte à Bois Sans Odeur - Prêt à l'Emploi - Sans Solvant - Sec en 4h - Intérieur et Extérieur - Ne se Rétracte pas - Ton Pin - Technique Professionnelle - 80 g,4.4,29.99,sintobois rebouch petit trous pât bois san odeur prêt emploi san solv sec intérieur extérieur rétract pin techniqu professionnel
Bricolage,"Alex Tech 13mm-3.1m Gaine Câble Auto-Fermeture Manchon de Câble Cache Câble Range Câble Gestion des Câbles pour Ordinateur, Automobile - Noir",4.6,29.99,alex tech gain câbl auto fermetur manchon câbl cach câbl rang câbl gestion câbl ordin automobil noir
Bricolage,"Summerbrite Accroche Tableau Sans Percer, 15 Paires (30 Bandes, Taille XL), Fixation Murale Bandes de Suspension, Peut Supporter 6,8 kg, Aucun Résidu, Adapté aux Cadres, Posters, Décorations",4.3,29.99,summerbrit accroch tableau san perc pair band taill fixat mural band suspens peut support aucun résidu adapt cadr poster décor
Bricolage,"Tapo Matter Prise Connectée WiFi, Suivi de consommation, 16A Type E, Compatible avec Alexa, Google Home et SmartThings, Contrôler le radiateur, le chauffage, Économie d'énergie, Tapo P110M 2-pack(FR)",4.6,29.99,tapo matt pris connect wif suiv consomm typ compatibl alex googl hom smartthing contrôl radiateur chauffag économ énerg tapo pack
Bricolage,"Testeur Humidité, humidimètre à broches (6 modes), peut mesurer rapidement la teneur en humidité des bûches, du papier, du contreplaqué, des murs en gypse, des sols et des matériaux de construction.",4.4,29.99,testeur humid humidimetr broch mod peut mesur rapid teneur humid bûch papi contreplaqu mur gyps sol matérial construct
Bricolage,"Tapo 3K(5MP) Caméra de Surveillance WiFi intérieure 360°, détection IA, Suivi Intelligent Sirène, Vision Nocturne, Audio bidirectionnel, Mode Privé, Compatible avec Alexa pour Bébé/Animaux C230",4.3,29.99,tapo camer surveil wif intérieur détect suiv intelligent siren vision nocturn audio bidirectionnel mod priv compatibl alex beb animal
Bricolage,"Vachette Serrure à Encastrer à clé, Axe à 40 mm, Coffre 135 mm - P15 - Réversible sans démontage, Têtière bouts ronds - Porte intérieure de communication, chambre, bureau - Blanc, Gâche et Clé inclus",4.6,29.99,vachet serrur encastr clé axe coffr réversibl san démontag têti bout rond port intérieur commun chambr bureau blanc gâch clé inclus
Bricolage,fischer - Cheville bi-matière et multi-matériaux DUOPOWER 8x40 / Boîte de 100,4.8,29.99,fisch chevill mati mult matérial duopow boît
Bricolage,"Imou 2K(3MP) Caméra Surveillance WiFi Extérieure 360°, Vision Nocturne Couleur 30M, Détection des Personnes et Véhicules, Suivi Intelligent, Étanche IP66, WiFi 2.4GHz et Wi-FI 6, Audio Bidirectionnel",4.4,29.99,imou camer surveil wif extérieur vision nocturn couleur détect person véhicul suiv intelligent étanch wif ghz audio bidirectionnel
Bricolage,"Ruban Adhésifs Double Face Extra Fort, Fait de 3M 5952 Ruban, Imperméable et Ultra Résistant aux Hautes Températures Colles Adhesif pour Bureaux,Maison,Fixant,DIY,Extérieur (3,3M*20MM)",4.3,29.99,ruban adhes doubl fac extra fort fait ruban impermé ultra résist haut températur coll adhes bureau maison fix diy extérieur
Bricolage,"Crimson Starfish 6 x Rouleau de Ruban Adhésif Marron 48mm x 66m | Ruban Adhésif d'emballage pour des Boîtes, des Envois, Déménagement | Ruban Adhésif Transparent pour Colis & Emballage",4.2,29.99,crimson starfish rouleau ruban adhes marron ruban adhes emballag boît envois déménag ruban adhes transparent colis emballag
Bricolage,"X-Sense Détecteur de Fumée Connecté, Kit de Sécurité pour la Maison avec SBS50 Station de Base, Conforme à la Norme EN14604, Compatible avec l'Appli X-Sense Home Security, FS31",4.6,29.99,sens détecteur fum connect kit sécur maison sb station bas conform norm compatibl appli sens hom security
Bricolage,"Worldwide Universal Travel Adapter with PD20W, 2 USB, 1 USB C and 1 AC Plug, International Plug Adapter, for Germany, USA, England",4.6,29.99,worldwid universal travel adapt with pdw usb usb and plug international plug adapt for germany usa england
Bricolage,"WD-40 • Produit Multifonction • Aérosol Classique • Sans Silicone • Non Conducteur • Compatible Plastiques, Caoutchoucs, Tous Métaux • 400 ml",4.8,29.99,produit multifonct aérosol classiqu san silicon non conducteur compatibl plastiqu caoutchouc tous métal
Bricolage,"32 pièces Protection Pied de Chaise, Patins pour Chaises en Silicone avec Feutre épaissi, Noir Petit Patin de Chaise Protections Tampon de Sol, réduire Les Rayures",4.5,29.99,piec protect pied chais patin chais silicon feutr épaiss noir pet patin chais protect tampon sol réduir rayur
Bricolage,"Fer à Souder Kit 80W Température Réglable 180-520°C Electronique de Precision avec Interrupteur ON/OFF, 5 Conseils de soudage, Pompe à Dessouder, Fil de Soudure, Station de Soudage, Pincettes",4.4,29.99,fer soud kit températur réglabl electron precis interrupteur off conseil soudag pomp dessoud fil soudur station soudag pincet
Bricolage,"Legrand - Rallonge multiprise extra-plate avec 3 prises de courant avec terre avec cordon 1,5m - blanc et gris clair",4.7,29.99,legrand rallong multipris extra plat pris cour terr cordon blanc gris clair
Bricolage,"32pièces GICUNK Nouveau Protection Pied de Chaise, Protège Pied de Chaise, Protections de Sol en Silicone Transparent pour Pieds de Chaise avec Patins en Feutre (Fit:13-22.9 mm)",4.4,29.99,piec gicunk nouveau protect pied chais proteg pied chais protect sol silicon transparent pied chais patin feutr fit
Sports et Loisirs,HARRIS - 50 Rouleaux Allume-feu - 100% naturels - Laine de Bois & Cire - Allumage Rapide - Ultra Efficace - Etui Carton refermable - Bois FSC - Fabrication Française - x50,4.5,29.99,harr rouleau allum feu naturel lain bois cir allumag rapid ultra efficac etui carton referm bois fsc fabriqu français
Sports et Loisirs,"Fitgriff® Sangle Cheville Musculation Poulie V3 (Rembourré)- Ankle Straps pour Sport, Kickback, Entraînement des Fessiers - Accessoires de Fitness",4.7,29.99,fitgriff sangl chevill muscul poul rembourr ankle strap sport kickback entraîn fessi accessoir fitness
Sports et Loisirs,"Super Sparrow Bouteille d'eau - Gourde - 350ml/500ml/750ml/1000ml - sans BPA - Convient pour Le Sport, la randonnée, l'école, Le Bureau, en Plein air",4.6,29.99,sup sparrow bouteil eau gourd san bpa convient sport randon écol bureau plein air
Sports et Loisirs,"GRIFEMA GA1201-12, Chaîne Antivol Vélo 120 CM, Chaîne Cadenas Vélo pour Vélos, Motos, trotinette electrique, Portails, Noir",4.5,29.99,grifem chaîn antivol vélo chaîn caden vélo vélos motos trotinet electr portail noir
Sports et Loisirs,Amazon Basics Paire d'haltères en néoprène,4.7,29.99,amazon basic pair halter néopren
Sports et Loisirs,"Fitgriff® Sangle de Tirage Musculation - Lifting Straps pour Fitness, Levage, Gym - Accessoires Salle de Sport",4.7,29.99,fitgriff sangl tirag muscul lifting strap fitness levag gym accessoir sall sport
Sports et Loisirs,"Xiaomi Smart Band 10, Montre Connectée, Boîtier alu, Suivi d'Activité, Écran AMOLED 1.72'', Autonomie 21 Jours, Charge Rapide, Suivi santé & Sommeil,150+ Sports, iOS & Android, 5 ATM, Boussole",4.5,29.99,xiaom smart band montr connect boîti alu suiv activ écran amoled autonom jour charg rapid suiv sant sommeil sport ios android atm boussol
Sports et Loisirs,"Blukar Lampe Frontale Rechargeable 2 Couleurs, 2000L Super Lumineux Torche Frontale LED Puissante, Gradation en Continu,Capteur Mouvement, 12 Modes,Étanche, 30H d'autonomie pour Course/Urgence/Camping",4.6,29.99,blukar lamp frontal recharge couleur sup lumin torch frontal led puiss gradat continu capteur mouv mod étanch autonom cours urgenc camping
Sports et Loisirs,"Fokky Élastique Musculation[Lot de 5], Bande Elastique Musculation avec 5 Niveaux de Force, Elastique Sport pour Fitness Pilates Yoga -Bande de Resistance Musculation avec Sac de Rangement",4.3,29.99,fokky élast muscul lot band elast muscul niveau forc elast sport fitness pilat yog band resist muscul sac rang
Sports et Loisirs,"Lepro Lampe Frontale LED Rechargeable Puissante, D5000 Super Lumineux Torche Frontale LED 2000Lux Lumière Blanche et Rouge 6 Modes d'Éclairage IPX4 pour Course, Pêche, Cyclisme, Camping - 2 Pcs",4.6,29.99,lepro lamp frontal led recharge puiss sup lumin torch frontal led lux lumi blanch roug mod éclairag ipx cours pêch cyclism camping pc
Sports et Loisirs,"CITYSPORTS Tapis de Course,Tapis Roulant Pliable 12 km/h,avec Affichage LED,APP et 360° Tablet Holder,Walking Pad Compact pour la Maison et Le Bureau (Black & Red)",4.3,29.99,citysport tapis cours tapis roul pliabl affichag led app tablet hold walking pad compact maison bureau black red
Sports et Loisirs,"PROIRON Tapis de Yoga Epais 10MM/15MM,Antidérapant Tapis d'exercice Fitness,Tapis de Gymnastique pour Yoga Pilates Gym Exercices Sport Camping Voyage",4.7,29.99,proiron tapis yog epais antidérap tapis exercic fitness tapis gymnast yog pilat gym exercic sport camping voyag
Sports et Loisirs,"Edifit, Elastique Musculation, Bandes avec 3 Niveaux de Résistance, Fitness, Antidérapantes, Pack de 3, pour Gym, Yoga, Crossfit, Pilates ou Exercices à Domicile",4.6,29.99,edif elast muscul band niveau résist fitness antidérap pack gym yog crossf pilat exercic domicil
Sports et Loisirs,Allume-feu écologique en Laine et Cire de Bois 100% naturels pour cheminée poêle cuisinière Barbecue brasero et feu de Camps. 160/170 allumes-feu sans Odeur. Gros Calibre qualité Premium,4.7,29.99,allum feu écolog lain cir bois naturel chemin poêl cuisini barbecu brasero feu camp allum feu san odeur gros calibr qualit premium
Sports et Loisirs,"air up Gourde Click Squid Purple – Pack de démarrage avec 5 capsules de goût | Bouteille 600 ml sans sucre, passe au lave-vaisselle, sans BPA",4.3,29.99,air gourd click squid purpl pack démarrag capsul goût bouteil san sucr pass lav vaissel san bpa
Sports et Loisirs,"Edifit, Ballon Grossesse, 55, 65 et 75, Swiss Ball, Gym, Pilates, Gonfleur Inclus, Fitness Materiel, Gymnastique, Yoga Accessoires",4.1,29.99,edif ballon grossess swiss ball gym pilat gonfleur inclus fitness materiel gymnast yog accessoir
Sports et Loisirs,"Pack duo NIKWAX TECH WASH et TX.Direct, Nettoyant et Imperméabilisant techniques pour vêtements imperméables, Nettoient, Imperméabilisent, Revitalisent la respirabilité, 2 x 300ml",4.4,29.99,pack duo nikwax tech wash direct nettoi imperméabilis techniqu vêt impermé nettoient imperméabilisent revitalisent respir
Sports et Loisirs,"CURSOR Tapis de Course Pliable Inclinable 15%, Tapis de Marche Pliable Inclinable 6 en 1 avec Moteur Silencieux, Walking Pad Charge Max 136KG",4.1,29.99,cursor tapis cours pliabl inclin tapis march pliabl inclin moteur silenci walking pad charg max
Sports et Loisirs,"GRIFEMA GA5001, 5 Bandes Élastiques de Musculation, 5 Niveaux de Résistance pour la Musculation, Le Pilates, Le Yoga et Plus Encore, Vert-Bleu-Jaune-Rose-Noir",4.3,29.99,grifem band élast muscul niveau résist muscul pilat yog plus encor vert bleu jaun ros noir
Sports et Loisirs,"Blukar Corde à Sauter, Speed Jump Rope Réglable pour Hommes & Femmes, Roulements à Billes en Acier, Poignées Antidérapantes en Mousse, Câble en Acier pour Fitness, Crossfit, Sport, Boxe, GYM",4.4,29.99,blukar cord saut speed jump rop réglabl homm femm roul bill aci poign antidérap mouss câbl aci fitness crossf sport box gym
Sports et Loisirs,"Flintronic Bande Elastique Musculation, 3/4 Niveaux Différents Bande de Resistance Traction, Bandes de Fitness Latex Élastique, pour tractions, Crossfit, Dips, Pilates, Yoga, Homme & Femme",4.3,29.99,flintronic band elast muscul niveau différent band resist traction band fitness latex élast traction crossf dip pilat yog homm femm
Sports et Loisirs,"Fitgriff® Gants Musculation Homme et Femme (Rembourré) - Gants de Gym, Fitness, Sport, Halterophilie - Accessoires D'entraînement",4.5,29.99,fitgriff gant muscul homm femm rembourr gant gym fitness sport halterophil accessoir entraîn
Sports et Loisirs,Tapis de Fitness Protection de Sol Salle de Sport - Dalles en Mousse sans BPA + Bordures | Matelas Puzzle Tatami EVA Caoutchouc pour Matériel Gym Banc de Musculation Course Garage Piscine Isolation,4.4,29.99,tapis fitness protect sol sall sport dall mouss san bpa bordur matel puzzl tatam eva caoutchouc matériel gym banc muscul cours garag piscin isol
Sports et Loisirs,"Tapis de Course 4 en 1 Pliable avec Pente 7% – Tapis de Marche Électrique 8 km/h, Moteur 2,5 CV, Système d’Amorti Avancé, Écran LCD, Cadre Renforcé, 130 kg Max – pour Maison & Bureau",4.4,29.99,tapis cours pliabl pent tapis march électr moteur system amort avanc écran lcd cadr renforc max maison bureau
Sports et Loisirs,"YC Kitchen Gourde Sport 1L -Bouteille d'eau, étanche et sans BPA Bouteille d'eau de sport pour le fitness, la gym et les sports de plein air",4.5,29.99,kitchen gourd sport bouteil eau étanch san bpa bouteil eau sport fitness gym sport plein air
Sports et Loisirs,"OCOOPA Chauffe Main Rechargeable 2 en 1 Magnetique, Chaufferette Électrique Main de Poche Reutilisable, Léger, Élégant, Sécurité, Chauffe Main Chasse Golf Ski Gaming, Cadeau Homme Femme, UT3 Lite",4.6,29.99,ocoop chauff main recharge magnet chaufferet électr main poch reutilis leg éleg sécur chauff main chass golf ski gaming cadeau homm femm lit
Sports et Loisirs,"UNBON Lampe Frontale LED Ultra Puissante, Lampe Frontale Rechargeable USB C avec Détecteur de Mouvement et Base Magnétique IPX4 Étanche Légère Lampe Torche Frontale pour Bricolage Randonnée Camping",4.5,29.99,unbon lamp frontal led ultra puiss lamp frontal recharge usb détecteur mouv bas magnet ipx étanch léger lamp torch frontal bricolag randon camping
Sports et Loisirs,"Relxhome Casque Conduction Osseuse, Écouteur Natation À Bluetooth 5.4, mémoire 32 Go intégrée, Lecteur MP3 Étanche IPX8, 10 Heures de Jeu, Ecouteur Natation sans Fil, Casque Sport pour la Natation",4.1,29.99,relxhom casqu conduct osseux écouteur natat bluetooth mémoir integr lecteur étanch ipx heur jeu ecouteur natat san fil casqu sport natat
Sports et Loisirs,"Target Darts K Flex Ailettes et tiges de Fléchettes Intégrées, No.6 | Lot de 3 K-Flex - No.6, Kflex All in One Ailettes et Tiges de Fléchettes Moulées: Courtes, Intermédiaires Et Moyennes",4.5,29.99,target dart flex ailet tig fléchet integr lot flex kflex all one ailet tig fléchet moul court intermédiair moyen
Sports et Loisirs,"Tapis de Course, FOUSAE Tapis de Marche Pliable avec 12 Programmes HIIT Prédéfinis, Inclinable 9%, 12 KM/H, Moteur Silencieux 2,75 CV, APP & Télécommande, Charge Max 158kg pour Maison & Bureau",4.8,29.99,tapis cours fousa tapis march pliabl programm hiit prédéfin inclin moteur silenci app télécommand charg max maison bureau
Sports et Loisirs,Plantawa Huile de Silicone pour Tapis de Marche 150ml | Réduit le bruit et la friction et Maximise la performance. 100% Pure Lubrifiant Silicone. Préserve la durabilité du tapis de course.,4.7,29.99,plantaw huil silicon tapis march réduit bruit friction maximis perform pur lubrifi silicon préserv durabl tapis cours
Sports et Loisirs,"Sangle de Yoga avec 9 Boucles, Bande Élastique Sport pour Fitness, Pilates et Stretching",4.6,29.99,sangl yog boucl band élast sport fitness pilat stretching
Sports et Loisirs,Tablettes de purification de l'eau (1 x 50 pcs),4.6,29.99,tablet purif eau pc
Sports et Loisirs,"Blukar Lampe Frontale Rechargeable, [Lot de 2] 2000L Super Lumineux Étanche Léger Torche Frontale LED Puissante avec Détecteur de Mouvement, 8 Modes d'éclairage, 30H d'autonomie pour Course/Camping",4.5,29.99,blukar lamp frontal recharge lot sup lumin étanch leg torch frontal led puiss détecteur mouv mod éclairag autonom cours camping
Sports et Loisirs,Garmin Forerunner 55 - Montre GPS Multi-activités Running avec Fonctions d’Entrainement Coach et Cardio au Poignet – Noire,4.6,29.99,garmin forerunn montr gp mult activ running fonction entrain coach cardio poignet noir
Sports et Loisirs,"EdcX Paracord 4 mm, 20+ Couleurs Militaires (15 m, 30 m, 50 m, 100 m, 300 m) | Idéal pour l'artisanat, Le Camping | Corde 100% Nylon 4 mm | Cordon 550 Type III",4.6,29.99,edcx paracord couleur militair idéal artisanat camping cord nylon cordon typ iii
Sports et Loisirs,"Vicloon Chronomètre Électronique Étanche, Multifonction Chronomètre de Sport, Chronomètres Montre Numérique d'Arbitre par Intervalles ABS Extérieure avec Lanière (Bleu)",3.9,29.99,vicloon chronometr électron étanch multifonct chronometr sport chronometr montr numer arbitr intervall ab extérieur lani bleu
Sports et Loisirs,"THE HEAT COMPANY Chauffe-Pieds - 5, 15 ou 40 Paires - Extra Chaud - adhésif - 8 Heures de Chaleur - Chaleur immédiate - autochauffante - purement Naturel - pour Toutes Les Tailles",4.3,29.99,the heat company chauff pied pair extra chaud adhes heur chaleur chaleur immédiat autochauff pur naturel tout taill
Sports et Loisirs,Bramble – Chauffe-Mains – Chauffe-Mains de Poche Activés par l’Air pour Activités en Extérieur – Chauffe en Quelques Minutes – Jusqu’à 10 Heures de Chaleur,4.3,29.99,brambl chauff main chauff main poch activ air activ extérieur chauff quelqu minut jusqu heur chaleur
Sports et Loisirs,"WEARXI Cadeau Saint Valentin Homme, 13 en 1 Couteau de Survie Pliant Multifonction, Idee Cadeau Anniversaire Homme, Couteau Suisse de Poche, Idéal pour Camping, Randonnée, Outdoor, Bricolage, Survie",4.5,29.99,wearx cadeau saint valentin homm couteau surv pli multifonct ide cadeau anniversair homm couteau suiss poch idéal camping randon outdoor bricolag surv
Sports et Loisirs,"Amazon Basics Tapis de yoga, antidérapant, très épais, d'exercice Pilates, 183 x 61 x 1 cm, Noir",4.6,29.99,amazon basic tapis yog antidérap tres épais exercic pilat noir
Sports et Loisirs,"Slim Panda Ballon Pilates Petite,23 cm Anti-Slip Ballon de Gymnastique avec Paille de Gonflage,Soft Yoga Ball Équilibre pour Seniors Thérapie,Fitness,Entraînement à l'équilibre",4.6,29.99,slim pand ballon pilat petit anti slip ballon gymnast paill gonflag soft yog ball équilibr senior thérap fitness entraîn équilibr
Sports et Loisirs,Wahoo Fitness KICKR Core 2 ZWIFT COG and Click - Pignon Orange 3e génération,4.6,29.99,wahoo fitness kickr cor zwift cog and click pignon orang géner
Sports et Loisirs,"Grsta Gourde 500ml, Gourde Enfant avec Paille, Verrou de Sécurité, Anti Fuite Bouteille Motivationnelle, Facile à Nettoyer, Gourdes avec Marqueur de Temps pour Camping, Velo, Plein Air",4.6,29.99,grsta gourd gourd enfant paill verrou sécur anti fuit bouteil motivationnel facil nettoi gourd marqueur temp camping velo plein air
Sports et Loisirs,THE HEAT COMPANY Chauffe-Mains - 10 ou 40 Paires - Extra Chaud - Chaufferettes Mains - 12 Heures de Chaleur - Chaleur immédiate - autochauffante - purement Naturel,4.4,29.99,the heat company chauff main pair extra chaud chaufferet main heur chaleur chaleur immédiat autochauff pur naturel
Sports et Loisirs,"General Medi Trousse de Premiers Secours Composée de 92 Articles pour la Maison, Le Véhicule, Les Voyages, Le Bureau, Le Lieu de Travail, la Randonnée, la Survie et l'Extérieur (Rouge)",4.6,29.99,general med trouss premi secour compos articl maison véhicul voyag bureau lieu travail randon surv extérieur roug
Sports et Loisirs,Turnart Flechette Pointe Plastique Fléchettes 9 pcs 18 Grammes avec 50 Pointe Flechette Plastique 20 Anneaux en Caoutchouc 27 Vol Flechettes pour Cible Electronique,4.4,29.99,turnart flechet point plastiqu fléchet pc gramm point flechet plastiqu anneau caoutchouc vol flechet cibl electron
Sports et Loisirs,"Garmin HRM 200 - Herzfrequenz-Brustgurt zur Messung präziser Herzfrequenz- und HFV-Daten, Batterielaufzeit Von BIS zu 1 Jahr, waschmaschinenfester Gurt, größenverstellbar, Größe M-XL",4.6,29.99,garmin hrm herzfrequenz brustgurt zur messung präzis herzfrequenz und hfv daten batterielaufzeit von bis jahr waschmaschinenfest gurt größenverstellbar größe
Sports et Loisirs,"Blukar Lampe Frontale Rechargeable, 8000L Super Lumineux Étanche Léger Torche Frontale LED Puissante avec Voyant Rouge, 5 Modes d'éclairage & Zoomable & 90° Réglable pour Course/Camping/Pêche",4.6,29.99,blukar lamp frontal recharge sup lumin étanch leg torch frontal led puiss voi roug mod éclairag zoomabl réglabl cours camping pêch
Sports et Loisirs,"Fitgriff® Sangle Cheville Musculation Poulie V1 - Ankle Straps pour Sport, Kickback, Entraînement des Fessiers - Accessoires de Fitness pour Cable Machines",4.7,29.99,fitgriff sangl chevill muscul poul ankle strap sport kickback entraîn fessi accessoir fitness cabl machin
Sports et Loisirs,WD-40 SPECIALIST • Lubrifiant Chaîne Vélo Toutes Conditions • Aérosol • Formule au PTFE pour empêcher l'adhérence des saletés • Protection anticorrosion • Réduit les points de friction • 250 ML,4.7,29.99,specialist lubrifi chaîn vélo tout condit aérosol formul ptfe empêch adhérent salet protect anticorros réduit point friction
Sports et Loisirs,"flintronic Sangle Cheville Musculation Poulie, Sangle de Cheville Réglable Gymnastique, Sangles Musculation avec Double Anneau D, Ankle Straps, Accessoires pour Fitness, Sport, Gym, Exercice, Tirage",4.5,29.99,flintronic sangl chevill muscul poul sangl chevill réglabl gymnast sangl muscul doubl anneau ankle strap accessoir fitness sport gym exercic tirag
Sports et Loisirs,"Ultrasport Barre de traction, barre de porte, réglable de 66,5 cm à 93 cm, montage sans vis, antidérapant, maintien sûr, poignées en mousse",4.1,29.99,ultrasport barr traction barr port réglabl montag san vis antidérap maintien sûr poign mouss
Sports et Loisirs,"Kit Elastique Musculation, 5 Elastic Musculation, Elastique Sport avec Grandes Poignées, Sangles de Cheville, Accessoire d'ancrage de Porte, Idéal L'entraînement en Force et la Physiothérapie",4.6,29.99,kit elast muscul elastic muscul elast sport grand poign sangl chevill accessoir ancrag port idéal entraîn forc physiothérap
Sports et Loisirs,"Flintronic Genouillères de Protection, Genouillères de Danse, Genouillère de Sport, Genouillère de Volleyball, Épais Éponge Antidérapant, Protege Genoux pour Danse Volleyball Yoga Football, Unisexe, M",4.3,29.99,flintronic genouiller protect genouiller dans genouiller sport genouiller volleyball épais épong antidérap proteg genoux dans volleyball yog football unisex
Sports et Loisirs,"Campingaz Cartouche de Gaz à Valve CP 250, pour Réchauds Camp Bistro, Cartouche Compacte et refermable, Bleu",4.7,29.99,campingaz cartouch gaz valv réchaud camp bistro cartouch compact referm bleu
Sports et Loisirs,INSECT ECRAN - Spray Anti-Moustiques - Efficacité 8h - Protection contre les piqures de moustiques - Vêtements &Tissus - Sans odeur - Fabriqué en France - 100ml,4.4,29.99,insect ecran spray anti moustiqu efficac protect contr piqur moustiqu vêt tissus san odeur fabriqu franc
Sports et Loisirs,"Pompe à Ballons Électrique, Gonfleur Ballon 600W avec 3 Accessoires, Pompe Ballon avec 2 Modes, Pompe à Air Electrique pour Ballons d'anniversaire, de Mariage et de Décoration de Fête",4.5,29.99,pomp ballon électr gonfleur ballon accessoir pomp ballon mod pomp air electr ballon anniversair mariag décor fêt
Sports et Loisirs,GUJOIN Sac À Dos Tactique 50 Litres - Grande Capacité Système MOLLE Militaire Imperméable Idéal Pour Urgences De 3 Jours Chasse Randonnée Et Camping Sac À Dos Pour De Plein Air (Noir),4.6,29.99,gujoin sac dos tactiqu litr grand capac system moll militair impermé idéal urgenc jour chass randon camping sac dos plein air noir
Sports et Loisirs,"Traxenta 10 Pièces Couverture de Survie Reutilisable, Couvertures Thermiques d'urgence Indéchirable & Imperméable pour l'extérieur, Randonnée, Survie, Marathons, Premiers Secours Or/Argent 160 x 210cm",4.7,29.99,traxent piec couvertur surv reutilis couvertur thermiqu urgenc indéchir impermé extérieur randon surv marathon premi secour argent
Luminaires et Éclairage,"FOMYHEARD Lampe de chevet tactile à intensité variable, 4 modes & 256 couleurs RVB Changement LED veilleuse enfants, Lampe d'allaitement rechargeable par USB, Lampe de table sans fil pour la chambre",4.5,29.99,fomyheard lamp chevet tactil intens variabl mod couleur rvb chang led veilleux enfant lamp allait recharge usb lamp tabl san fil chambr
Luminaires et Éclairage,"Gritin Lampe de Placard LED, Super Lumineuses, 26CM, 3 Couleurs&5 Luminosités, 4 Modes, Détecteur de Mouvement, Rechargeable Longue Durée-Installation Facile Lampe d'Armoire Magnétique-2 Pack",4.7,29.99,gritin lamp placard led sup lumin couleur luminos mod détecteur mouv recharge longu dur install facil lamp armoir magnet pack
Luminaires et Éclairage,"Gritin Lampe de Lecture 19 LED, Liseuse Clip Rechargeable, Protection des Yeux, Gradation en Continu & 3 Couleurs (Ambre/Blanc/Mixte), 360° Cou Flexible, Longue Durée, Portable pour Lire au Lit",4.8,29.99,gritin lamp lectur led liseux clip recharge protect yeux gradat continu couleur ambre blanc mixt cou flexibl longu dur portabl lir lit
Luminaires et Éclairage,"AUVON Lot de 2 veilleuses avec détecteur de mouvement et capteur crépusculaire, lumière LED blanc chaud, 1 à 50 lm, luminosité réglable pour couloir, escalier, chambre à coucher",4.7,29.99,auvon lot veilleux détecteur mouv capteur crépusculair lumi led blanc chaud luminos réglabl couloir escali chambr couch
Luminaires et Éclairage,Lampe LED Rechargeable Cuisine Reglette: Sans Fil Mouvement Detecteur Lumiere Interieur Sous Meuble Placard Eclairage Lumière Barre éclairage Spécial Intérieur USB Pile Réglette Armoire Light Sensor,4.4,29.99,lamp led recharge cuisin reglet san fil mouv detecteur lumier interieur sous meubl placard eclairag lumi barr éclairag spécial intérieur usb pil réglet armoir light sensor
Luminaires et Éclairage,"LUCKOR Cadeau Saint Valentin Femme, Homme - Plaque Spotify Personnalisé Cadre Photo - Cadeau Personnalisé Copine Copain Couple - Idee Cadeaux ST Valentin, Anniversaire - Lampe Personnalisée avec Photo",4.5,29.99,luckor cadeau saint valentin femm homm plaqu spotify personnalis cadr photo cadeau personnalis copin copain coupl ide cadeau valentin anniversair lamp personnalis photo
Luminaires et Éclairage,"Giftove Cadre Spotify Personnalisé Couple, Lampe Personnalisée avec Photo, Idee Cadeau de Saint Valentin pour Femme Homme, Idée Cadeaux ST Valentin Original, Cadeau Amoureux pour Copine Copain",4.6,29.99,giftov cadr spotify personnalis coupl lamp personnalis photo ide cadeau saint valentin femm homm idé cadeau valentin original cadeau amour copin copain
Luminaires et Éclairage,"Gritin Lampe de Lecture Rechargeable, Liseuse Lampe Clip au Lit, 3 Couleurs Protection des Yeux & 5 Luminosités Réglables en Continu, Compacte et Durable, Cadeaux pour Lecteurs de Livres",4.9,29.99,gritin lamp lectur recharge liseux lamp clip lit couleur protect yeux luminos réglabl continu compact durabl cadeau lecteur livr
Luminaires et Éclairage,"Gritin Lampe de Lecture 19 LED, Liseuse Lampe Clip Rechargeable, Protection des Yeux, 5 Luminosités & 3 Couleurs (Ambre/Blanc/Mixte), 360° Cou Flexible, Longue Durée,Léger & Portable pour Lire au Lit",4.8,29.99,gritin lamp lectur led liseux lamp clip recharge protect yeux luminos couleur ambre blanc mixt cou flexibl longu dur leg portabl lir lit
Luminaires et Éclairage,"One Fire Lampe de Bureau LED Rechargeable, 3600mAH +9 Niveaux de Luminosité Lampe LED Rechargeable Sans Fil & Pliable & Portable, Lumiere Sans Fil Pour Bureau et Chevet,Lampe de Lecture, Lampe Chevet",4.5,29.99,one fir lamp bureau led recharge mah niveau luminos lamp led recharge san fil pliabl portabl lumier san fil bureau chevet lamp lectur lamp chevet
Luminaires et Éclairage,"Glocusent Lampe de Lecture de Cou Rechargeable, Liseuse de Lecture au Lit à Bras Pliables, 6 Niveaux de Luminosité, 3 Couleurs, Longue Durée de Vie, Parfaite pour Lecture, Tricot",4.7,29.99,glocusent lamp lectur cou recharge liseux lectur lit bras pliabl niveau luminos couleur longu dur vi parfait lectur tricot
Luminaires et Éclairage,"KISUFU Bandeau LED COB 220V, IP65 étanche Flexible néon LED Strip 288 Leds/m Bandes à LED Ruban pour DIY Chambre, Cuisine, Exterieur Maison Décoration. Blanc naturel,3M",4.1,29.99,kisufu bandeau led cob étanch flexibl néon led strip led band led ruban diy chambr cuisin exterieur maison décor blanc naturel
Luminaires et Éclairage,"Auxmir Lampe de Chevet, Veilleuse LED avec 256 Couleur RVB, Lampe Ambiance sans Fil avec Minuteur, Veilleuse Allaitement Nuit Tactile, 3000mAh Rechargeable USB pour Chambre Enfant, Salon, Camping",4.4,29.99,auxm lamp chevet veilleux led couleur rvb lamp ambianc san fil minuteur veilleux allait nuit tactil mah recharge usb chambr enfant salon camping
Luminaires et Éclairage,"MHAZDZE Projecteur Ciel Etoile, Projecteur Galaxie avec télécommande, Projection de Veilleuse à vitesse et Luminosité réglables pour Décoration des Chambres,Enfants,adultes",4.4,29.99,mhazdz projecteur ciel etoil projecteur galax télécommand project veilleux vitess luminos réglabl décor chambr enfant adult
Luminaires et Éclairage,"SUPPOU Projecteur Ciel Étoilé,Projecteur Galaxy,Projecteur de Galaxie pour Chambre Décorer,Avec Télécommande,Lampe Étoilée pour Chambre à Coucher et Projecteur de Plafond,Cadeau",4.1,29.99,suppou projecteur ciel étoil projecteur galaxy projecteur galax chambr décor télécommand lamp étoil chambr couch projecteur plafond cadeau
Luminaires et Éclairage,"Gritin Lampe de Lecture de Cou Rechargeable au Lit, 4 Couleurs Protection des Yeux & Gradation en Continu, Liseuse Lampe Minuterie de 30 Minutes, 80H+Autonomie,Parfaite pour Lecture/Tricot/Réparation",4.8,29.99,gritin lamp lectur cou recharge lit couleur protect yeux gradat continu liseux lamp minuter minut autonom parfait lectur tricot répar
Luminaires et Éclairage,"One Fire Projecteur Ciel Etoile, 15 Couleurs 360 Lumières Cadeau Saint Valentin Projecteur Galaxie Veilleuse Enfant, 15 Bruit Blanc + Bluetooth Veilleuse Adulte Lumiere LED Chambre, Nuage LED Plafond",4.5,29.99,one fir projecteur ciel etoil couleur lumi cadeau saint valentin projecteur galax veilleux enfant bruit blanc bluetooth veilleux adult lumier led chambr nuag led plafond
Luminaires et Éclairage,"Briloner - Applique réglable pour l'intérieur, douille GU10, max. 9 W, lampe de lecture, lampe de salon, lampe murale, lampe de cuisine, lampe de couloir, applique murale, Noir",4.5,29.99,brilon appliqu réglabl intérieur douill max lamp lectur lamp salon lamp mural lamp cuisin lamp couloir appliqu mural noir
Luminaires et Éclairage,"Lampe de Luminothérapie 15000 Lux, Simulation de la Lumière du Jour, Lampe à Lumière du Jour Compacte avec 3 Températures de Couleur, 5 Niveaux de Luminosité et 6 Minuterie, Fonction de Mémoire",4.6,29.99,lamp luminothérap lux simul lumi jour lamp lumi jour compact températur couleur niveau luminos minuter fonction mémoir
Luminaires et Éclairage,"FULEN Lampe de Plafonnier avec Détecteur de Mouvement, LED Plafond sans Fil, Rechargeable Plafonnier pour Douche, Salle de Bain, Garage, Escalier, 3 Températures de Couleur, Télécommande",4.5,29.99,fulen lamp plafonni détecteur mouv led plafond san fil recharge plafonni douch sall bain garag escali températur couleur télécommand
Luminaires et Éclairage,"OUILA Lampe de Placard, Eclairage Led Rechargeable Interieur Placard,Sans Fi,Dimmable Lampe Led Detecteur Mouvement,Lumière Led pour Armoire Placard Escalier Cuisine",4.4,29.99,ouil lamp placard eclairag led recharge interieur placard san dimmabl lamp led detecteur mouv lumi led armoir placard escali cuisin
Luminaires et Éclairage,"Gritin Lampe de Lecture 16 LED, Liseuse Lampe Clip Rechargeable, Gradation Progressive, 3 Modes de Protection des Yeux (Blanc/Ambre/Mixte), 360°Cou Flexible pour Lire au Lit",4.8,29.99,gritin lamp lectur led liseux lamp clip recharge gradat progress mod protect yeux blanc ambre mixt cou flexibl lir lit
Luminaires et Éclairage,Vision Drap Housse - 100% Coton Lit Double (140x190cm) - Bleu Marine | Coins Élastiqués | Tissage Serré | Convient aux Matelas Jusqu’à 25cm | Confortable | Lavable en Machine | Certifié Oeko-Tex,4.4,29.99,vision drap houss coton lit doubl xcm bleu marin coin élastiqu tissag serr convient matel jusqu confort lavabl machin certifi oeko tex
Luminaires et Éclairage,"Ruban LED COB 5M, bande LED blanche naturelle 4000K, bande LED dimmable 24V, largeur CRI92, 8mm, avec télécommande et alimentation, pour la décoration de la maison, la cuisine, le miroir",4.4,29.99,ruban led cob band led blanch naturel band led dimmabl largeur cri télécommand aliment décor maison cuisin miroir
